成交日期,省份,城市,区域,商圈,小区,户型,面积（m²）,挂牌价（万元）,成交价（万元）,成交单价（元）
2025-08-10,山东,淄博,高新区,火炬公园,名士豪庭,2室2厅,80.19,,46,5737.0
2025-07-26,山东,淄博,高新区,火炬公园,名士豪庭,2室2厅,78.9,,46,5856.0
2025-07-21,山东,淄博,高新区,火炬公园,名士豪庭,2室2厅,79.78,,41,5202.0
2025-07-12,山东,淄博,高新区,火炬公园,名士豪庭,3室2厅,100.34,,56,5582.0
2025-07-08,山东,淄博,高新区,火炬公园,名士豪庭,3室2厅,110.0,,60,5482.0
2025-05-04,山东,淄博,高新区,火炬公园,名士豪庭,3室2厅,111.0,,72,6541.0
2025-02-10,山东,淄博,高新区,火炬公园,名士豪庭,2室2厅,77.39,,46,5944.0
2024-12-28,山东,淄博,高新区,火炬公园,名士豪庭,2室1厅,77.95,,52,6748.0
2024-12-22,山东,淄博,高新区,火炬公园,名士豪庭,2室2厅,80.19,,52,6547.0
2024-11-24,山东,淄博,高新区,火炬公园,名士豪庭,2室2厅,87.0,,56,6506.0
2024-10-25,山东,淄博,高新区,火炬公园,名士豪庭,3室2厅,112.03,,78,7008.0
2024-10-07,山东,淄博,高新区,火炬公园,名士豪庭,2室2厅,88.0,,54,6205.0
2024-08-30,山东,淄博,高新区,火炬公园,名士豪庭,3室2厅,111.59,,76,6883.0
2024-08-03,山东,淄博,高新区,火炬公园,名士豪庭,2室1厅,79.36,,46,5891.0
2024-07-12,山东,淄博,高新区,火炬公园,名士豪庭,3室2厅,111.0,,76,6847.0
2024-07-06,山东,淄博,高新区,火炬公园,名士豪庭,3室2厅,111.41,,82,7361.0
2024-06-24,山东,淄博,高新区,火炬公园,名士豪庭,3室2厅,111.2,,79,7150.0
2024-06-23,山东,淄博,高新区,火炬公园,名士豪庭,3室2厅,110.37,,78,7068.0
2024-06-02,山东,淄博,高新区,火炬公园,名士豪庭,2室2厅,79.78,,55,6894.0
2024-05-04,山东,淄博,高新区,火炬公园,名士豪庭,2室1厅,87.0,,63,7334.0
2024-05-04,山东,淄博,高新区,火炬公园,名士豪庭,2室2厅,80.19,,53,6647.0
2024-04-26,山东,淄博,高新区,火炬公园,名士豪庭,2室2厅,87.0,,62,7230.0
2024-04-02,山东,淄博,高新区,火炬公园,名士豪庭,2室2厅,80.0,,53,6675.0
2024-03-29,山东,淄博,高新区,火炬公园,名士豪庭,3室2厅,99.3,,70,7100.0
2024-03-27,山东,淄博,高新区,火炬公园,名士豪庭,3室2厅,100.0,,73,7300.0
2024-03-20,山东,淄博,高新区,火炬公园,名士豪庭,3室2厅,111.0,,83,7478.0
2024-02-28,山东,淄博,高新区,火炬公园,名士豪庭,2室2厅,88.0,,60,6819.0
2023-12-10,山东,淄博,高新区,火炬公园,名士豪庭,2室2厅,86.86,,61,7023.0
2023-11-22,山东,淄博,高新区,火炬公园,名士豪庭,3室2厅,111.0,,80,7253.0
2023-10-23,山东,淄博,高新区,火炬公园,名士豪庭,2室1厅,87.6,,62,7078.0
2023-10-13,山东,淄博,高新区,火炬公园,名士豪庭,3室2厅,110.56,,79,7218.0
2023-09-09,山东,淄博,高新区,火炬公园,名士豪庭,3室2厅,111.48,,89,8029.0
2023-08-25,山东,淄博,高新区,火炬公园,名士豪庭,3室2厅,110.59,,88,7974.0
2023-08-05,山东,淄博,高新区,火炬公园,名士豪庭,3室2厅,110.47,,91,8238.0
2023-07-09,山东,淄博,高新区,火炬公园,名士豪庭,2室2厅,86.84,,69,8038.0
2023-04-23,山东,淄博,高新区,火炬公园,名士豪庭,2室2厅,78.0,,66,8462.0
2023-04-01,山东,淄博,高新区,火炬公园,名士豪庭,2室2厅,79.0,,64,8102.0
2023-03-30,山东,淄博,高新区,火炬公园,名士豪庭,2室2厅,79.0,,68,8671.0
2023-03-29,山东,淄博,高新区,火炬公园,名士豪庭,2室2厅,78.1,,59,7619.0
2023-03-09,山东,淄博,高新区,火炬公园,名士豪庭,2室1厅,77.0,,60,7793.0
2023-03-02,山东,淄博,高新区,火炬公园,名士豪庭,3室2厅,99.6,,88,8836.0
2023-01-11,山东,淄博,高新区,火炬公园,名士豪庭,2室2厅,88.0,,76,8637.0
2025-05-08,山东,淄博,张店区,世纪大酒店,科技苑庭兰村,3室2厅,121.97,,81,6641.0
2024-12-08,山东,淄博,张店区,世纪大酒店,科技苑庭兰村,3室2厅,121.97,,77,6314.0
2024-10-07,山东,淄博,张店区,世纪大酒店,科技苑庭兰村,1室1厅,36.0,,27,7528.0
2024-09-19,山东,淄博,张店区,世纪大酒店,科技苑庭兰村,,36.0,,23,6389.0
2024-08-06,山东,淄博,张店区,世纪大酒店,科技苑庭兰村,2室1厅,79.25,,55,6941.0
2024-07-08,山东,淄博,张店区,世纪大酒店,科技苑庭兰村,3室2厅,115.41,,76,6638.0
2024-02-05,山东,淄博,张店区,世纪大酒店,科技苑庭兰村,3室2厅,121.97,,59,4903.0
2024-01-27,山东,淄博,张店区,世纪大酒店,科技苑庭兰村,3室2厅,115.26,,78,6811.0
2023-12-24,山东,淄博,张店区,世纪大酒店,科技苑庭兰村,3室2厅,115.0,,81,7087.0
2023-07-01,山东,淄博,张店区,世纪大酒店,科技苑庭兰村,3室2厅,139.0,,107,7698.0
2023-05-12,山东,淄博,张店区,世纪大酒店,科技苑庭兰村,3室2厅,115.49,,69,6018.0
2023-05-06,山东,淄博,张店区,世纪大酒店,科技苑庭兰村,2室2厅,79.25,,52,6562.0
2023-02-05,山东,淄博,张店区,世纪大酒店,科技苑庭兰村,3室2厅,144.5,,105,7267.0
2025-07-20,山东,淄博,张店区,凯瑞园,凯瑞溪园,3室2厅,158.04,,109,6897.0
2025-04-25,山东,淄博,张店区,凯瑞园,凯瑞溪园,3室2厅,159.82,,150,9386.0
2025-04-23,山东,淄博,张店区,凯瑞园,凯瑞溪园,4室2厅,184.57,,127,6881.0
2024-11-03,山东,淄博,张店区,凯瑞园,凯瑞溪园,3室2厅,135.96,,116,8554.0
2024-09-07,山东,淄博,张店区,凯瑞园,凯瑞溪园,3室2厅,123.97,,86,7002.0
2023-03-07,山东,淄博,张店区,凯瑞园,凯瑞溪园,3室2厅,135.0,,139,10341.0
2025-09-24,山东,淄博,淄川区,淄川,欧景华城,3室2厅,117.21,,52,4454.0
2025-06-25,山东,淄博,淄川区,淄川,欧景华城,3室2厅,119.02,,30,2521.0
2025-01-06,山东,淄博,淄川区,淄川,欧景华城,2室2厅,86.99,,20,2300.0
2024-11-01,山东,淄博,淄川区,淄川,欧景华城,3室2厅,98.0,,27,2756.0
2024-10-07,山东,淄博,淄川区,淄川,欧景华城,2室2厅,88.0,,30,3410.0
2024-07-19,山东,淄博,淄川区,淄川,欧景华城,2室1厅,76.74,,18,2346.0
2024-06-15,山东,淄博,淄川区,淄川,欧景华城,2室1厅,80.33,,28,3548.0
2024-04-20,山东,淄博,淄川区,淄川,欧景华城,2室2厅,87.0,,32,3679.0
2024-03-30,山东,淄博,淄川区,淄川,欧景华城,2室2厅,87.22,,22,2523.0
2024-01-10,山东,淄博,淄川区,淄川,欧景华城,4室2厅,151.41,,35,2312.0
2023-11-13,山东,淄博,淄川区,淄川,欧景华城,2室1厅,88.0,,25,2898.0
2023-11-06,山东,淄博,淄川区,淄川,欧景华城,2室2厅,88.17,,27,3131.0
2023-10-05,山东,淄博,淄川区,淄川,欧景华城,2室2厅,71.33,,23,3239.0
2023-09-10,山东,淄博,淄川区,淄川,欧景华城,2室2厅,74.06,,23,3106.0
2023-08-12,山东,淄博,淄川区,淄川,欧景华城,2室1厅,72.0,,19,2723.0
2025-07-18,山东,淄博,张店区,莲池小学,御景大厦,2室2厅,69.0,,28,4058.0
2025-03-28,山东,淄博,张店区,莲池小学,御景大厦,1室1厅,68.9,,28,4064.0
2024-10-07,山东,淄博,张店区,莲池小学,御景大厦,1室1厅,68.9,,31,4500.0
2023-10-19,山东,淄博,张店区,莲池小学,御景大厦,1室1厅,68.0,,34,5059.0
2023-08-06,山东,淄博,张店区,莲池小学,御景大厦,1室1厅,69.0,,42,6087.0
2023-08-06,山东,淄博,张店区,莲池小学,御景大厦,1室1厅,69.0,,40,5798.0
2023-07-02,山东,淄博,张店区,莲池小学,御景大厦,1室1厅,68.5,,39,5767.0
2023-02-19,山东,淄博,张店区,莲池小学,御景大厦,,67.52,,39,5895.0
2023-02-14,山东,淄博,张店区,莲池小学,御景大厦,1室1厅,69.08,,39,5719.0
2025-05-30,山东,淄博,高新区,火炬大厦,华南园,2室2厅,89.03,,30,3426.0
2024-12-08,山东,淄博,高新区,火炬大厦,华南园,3室2厅,144.0,,60,4209.0
2024-10-07,山东,淄博,高新区,火炬大厦,华南园,4室2厅,158.57,,73,4617.0
2024-08-29,山东,淄博,高新区,火炬大厦,华南园,3室2厅,129.78,,75,5780.0
2024-05-26,山东,淄博,高新区,火炬大厦,华南园,3室2厅,125.84,,66,5245.0
2024-05-26,山东,淄博,高新区,火炬大厦,华南园,3室2厅,147.0,,60,4116.0
2024-05-07,山东,淄博,高新区,火炬大厦,华南园,3室2厅,125.0,,82,6624.0
2024-04-15,山东,淄博,高新区,火炬大厦,华南园,3室2厅,125.0,,77,6200.0
2024-04-09,山东,淄博,高新区,火炬大厦,华南园,2室2厅,89.03,,44,4965.0
2023-09-24,山东,淄博,高新区,火炬大厦,华南园,3室2厅,125.0,,82,6600.0
2023-09-17,山东,淄博,高新区,火炬大厦,华南园,2室2厅,88.0,,56,6421.0
2023-04-04,山东,淄博,高新区,火炬大厦,华南园,3室2厅,129.0,,88,6861.0
2023-02-21,山东,淄博,高新区,火炬大厦,华南园,2室2厅,90.0,,59,6556.0
2025-08-05,山东,淄博,张店区,龙凤苑,世纪花园兰花园,3室2厅,122.7,,84,6846.0
2025-06-30,山东,淄博,张店区,龙凤苑,世纪花园兰花园,3室2厅,207.96,,134,6468.0
2025-06-11,山东,淄博,张店区,龙凤苑,世纪花园兰花园,3室2厅,152.08,,101,6642.0
2025-05-15,山东,淄博,张店区,龙凤苑,世纪花园兰花园,1室1厅,47.57,,15,3154.0
2025-05-11,山东,淄博,张店区,龙凤苑,世纪花园兰花园,3室2厅,158.12,,120,7590.0
2025-04-26,山东,淄博,张店区,龙凤苑,世纪花园兰花园,3室2厅,149.13,,115,7712.0
2025-02-23,山东,淄博,张店区,龙凤苑,世纪花园兰花园,3室2厅,142.4,,93,6531.0
2025-01-15,山东,淄博,张店区,龙凤苑,世纪花园兰花园,3室2厅,120.23,,80,6654.0
2024-12-16,山东,淄博,张店区,龙凤苑,世纪花园兰花园,3室2厅,143.51,,88,6188.0
2024-12-14,山东,淄博,张店区,龙凤苑,世纪花园兰花园,3室2厅,120.38,,85,7061.0
2024-12-14,山东,淄博,张店区,龙凤苑,世纪花园兰花园,3室2厅,133.39,,88,6598.0
2024-12-05,山东,淄博,张店区,龙凤苑,世纪花园兰花园,3室2厅,133.39,,86,6470.0
2024-11-27,山东,淄博,张店区,龙凤苑,世纪花园兰花园,3室2厅,144.33,,90,6236.0
2024-11-26,山东,淄博,张店区,龙凤苑,世纪花园兰花园,4室2厅,179.48,,126,7021.0
2024-11-21,山东,淄博,张店区,龙凤苑,世纪花园兰花园,2室2厅,105.82,,60,5671.0
2024-11-11,山东,淄博,张店区,龙凤苑,世纪花园兰花园,3室2厅,134.27,,86,6465.0
2024-10-07,山东,淄博,张店区,龙凤苑,世纪花园兰花园,3室2厅,139.6,,92,6591.0
2024-07-30,山东,淄博,张店区,龙凤苑,世纪花园兰花园,4室2厅,181.34,,90,4964.0
2024-07-14,山东,淄博,张店区,龙凤苑,世纪花园兰花园,3室2厅,148.11,,120,8103.0
2024-07-06,山东,淄博,张店区,龙凤苑,世纪花园兰花园,2室2厅,99.49,,83,8423.0
2024-05-05,山东,淄博,张店区,龙凤苑,世纪花园兰花园,3室2厅,178.69,,126,7052.0
2024-04-29,山东,淄博,张店区,龙凤苑,世纪花园兰花园,4室2厅,160.27,,180,11232.0
2024-04-22,山东,淄博,张店区,龙凤苑,世纪花园兰花园,3室2厅,172.21,,158,9175.0
2024-04-12,山东,淄博,张店区,龙凤苑,世纪花园兰花园,1室1厅,63.73,,24,3892.0
2024-03-11,山东,淄博,张店区,龙凤苑,世纪花园兰花园,3室2厅,140.66,,106,7572.0
2024-03-10,山东,淄博,张店区,龙凤苑,世纪花园兰花园,3室2厅,149.45,,116,7762.0
2024-03-02,山东,淄博,张店区,龙凤苑,世纪花园兰花园,3室2厅,152.08,,130,8549.0
2024-01-30,山东,淄博,张店区,龙凤苑,世纪花园兰花园,2室2厅,105.8,,71,6759.0
2024-01-25,山东,淄博,张店区,龙凤苑,世纪花园兰花园,3室2厅,143.68,,125,8700.0
2024-01-22,山东,淄博,张店区,龙凤苑,世纪花园兰花园,3室2厅,142.16,,136,9567.0
2023-10-14,山东,淄博,张店区,龙凤苑,世纪花园兰花园,3室2厅,176.0,,136,7728.0
2023-09-28,山东,淄博,张店区,龙凤苑,世纪花园兰花园,3室1厅,116.0,,90,7837.0
2023-09-18,山东,淄博,张店区,龙凤苑,世纪花园兰花园,3室1厅,116.03,,94,8145.0
2023-09-09,山东,淄博,张店区,龙凤苑,世纪花园兰花园,3室2厅,116.0,,95,8242.0
2023-09-06,山东,淄博,张店区,龙凤苑,世纪花园兰花园,3室2厅,155.32,,107,6915.0
2023-08-14,山东,淄博,张店区,龙凤苑,世纪花园兰花园,3室2厅,125.0,,95,7600.0
2023-07-15,山东,淄博,张店区,龙凤苑,世纪花园兰花园,3室2厅,143.97,,147,10211.0
2023-05-27,山东,淄博,张店区,龙凤苑,世纪花园兰花园,4室2厅,122.29,,103,8423.0
2023-03-30,山东,淄博,张店区,龙凤苑,世纪花园兰花园,3室2厅,157.0,,155,9873.0
2023-03-29,山东,淄博,张店区,龙凤苑,世纪花园兰花园,3室2厅,158.84,,199,12579.0
2023-03-25,山东,淄博,张店区,龙凤苑,世纪花园兰花园,3室2厅,175.13,,162,9251.0
2023-03-07,山东,淄博,张店区,龙凤苑,世纪花园兰花园,3室2厅,177.0,,215,12147.0
2023-02-26,山东,淄博,张店区,龙凤苑,世纪花园兰花园,3室2厅,116.0,,111,9638.0
2023-02-23,山东,淄博,张店区,龙凤苑,世纪花园兰花园,2室2厅,111.02,,108,9728.0
2023-02-12,山东,淄博,张店区,龙凤苑,世纪花园兰花园,3室2厅,141.72,,106,7480.0
2023-02-09,山东,淄博,张店区,龙凤苑,世纪花园兰花园,5室3厅,242.83,,289,11902.0
2023-02-07,山东,淄博,张店区,龙凤苑,世纪花园兰花园,4室2厅,158.0,,88,5570.0
2023-01-16,山东,淄博,张店区,龙凤苑,世纪花园兰花园,3室2厅,151.75,,143,9483.0
2023-01-09,山东,淄博,张店区,龙凤苑,世纪花园兰花园,4室2厅,196.0,,229,11684.0
2025-02-16,山东,淄博,张店区,步行街,宏程逸翠公寓,2室1厅,77.0,,35,4611.0
2024-10-07,山东,淄博,张店区,步行街,宏程逸翠公寓,2室1厅,77.96,,28,3656.0
2023-04-16,山东,淄博,张店区,步行街,宏程逸翠公寓,3室2厅,106.0,,64,6085.0
2025-09-21,山东,淄博,张店区,植物园,盛世康城三期,4室2厅,146.26,,82,5662.0
2025-09-17,山东,淄博,张店区,植物园,盛世康城三期,3室1厅,108.63,,71,6592.0
2025-09-14,山东,淄博,张店区,植物园,盛世康城三期,2室2厅,104.7,,44,4203.0
2025-09-13,山东,淄博,张店区,植物园,盛世康城三期,4室2厅,146.03,,84,5753.0
2025-09-09,山东,淄博,张店区,植物园,盛世康城三期,3室2厅,123.24,,53,4301.0
2025-09-03,山东,淄博,张店区,植物园,盛世康城三期,2室2厅,104.0,,62,5962.0
2025-09-03,山东,淄博,张店区,植物园,盛世康城三期,3室2厅,95.2,,56,5883.0
2025-08-17,山东,淄博,张店区,植物园,盛世康城三期,3室2厅,123.33,,84,6811.0
2025-07-29,山东,淄博,张店区,植物园,盛世康城三期,2室2厅,101.42,,56,5532.0
2025-06-24,山东,淄博,张店区,植物园,盛世康城三期,3室1厅,98.0,,52,5327.0
2025-06-21,山东,淄博,张店区,植物园,盛世康城三期,3室2厅,97.25,,57,5862.0
2025-06-15,山东,淄博,张店区,植物园,盛世康城三期,3室2厅,113.76,,75,6593.0
2025-06-13,山东,淄博,张店区,植物园,盛世康城三期,2室2厅,112.83,,41,3696.0
2025-06-11,山东,淄博,张店区,植物园,盛世康城三期,3室2厅,135.0,,85,6297.0
2025-05-27,山东,淄博,张店区,植物园,盛世康城三期,3室2厅,122.0,,71,5828.0
2025-05-17,山东,淄博,张店区,植物园,盛世康城三期,3室2厅,151.38,,110,7267.0
2025-05-10,山东,淄博,张店区,植物园,盛世康城三期,2室2厅,91.0,,15,1704.0
2025-05-06,山东,淄博,张店区,植物园,盛世康城三期,3室2厅,122.0,,80,6558.0
2025-05-03,山东,淄博,张店区,植物园,盛世康城三期,3室2厅,134.68,,70,5205.0
2025-05-02,山东,淄博,张店区,植物园,盛世康城三期,3室2厅,106.12,,63,6013.0
2025-04-22,山东,淄博,张店区,植物园,盛世康城三期,2室1厅,104.0,,56,5385.0
2025-04-21,山东,淄博,张店区,植物园,盛世康城三期,3室2厅,123.24,,73,5924.0
2025-04-17,山东,淄博,张店区,植物园,盛世康城三期,3室2厅,108.0,,70,6482.0
2025-04-16,山东,淄博,张店区,植物园,盛世康城三期,2室2厅,87.0,,53,6104.0
2025-04-10,山东,淄博,张店区,植物园,盛世康城三期,3室2厅,97.25,,57,5923.0
2025-03-19,山东,淄博,张店区,植物园,盛世康城三期,3室2厅,114.96,,62,5394.0
2025-03-19,山东,淄博,张店区,植物园,盛世康城三期,2室1厅,76.0,,42,5553.0
2025-03-11,山东,淄博,张店区,植物园,盛世康城三期,2室2厅,80.36,,39,4941.0
2025-03-10,山东,淄博,张店区,植物园,盛世康城三期,2室2厅,84.5,,44,5314.0
2025-02-27,山东,淄博,张店区,植物园,盛世康城三期,3室2厅,132.56,,93,7031.0
2025-02-21,山东,淄博,张店区,植物园,盛世康城三期,3室2厅,133.98,,88,6569.0
2025-02-06,山东,淄博,张店区,植物园,盛世康城三期,2室2厅,104.55,,62,6007.0
2025-01-20,山东,淄博,张店区,植物园,盛世康城三期,3室2厅,98.0,,78,7960.0
2025-01-08,山东,淄博,张店区,植物园,盛世康城三期,2室2厅,86.7,,47,5479.0
2024-12-11,山东,淄博,张店区,植物园,盛世康城三期,3室2厅,99.58,,65,6528.0
2024-11-13,山东,淄博,张店区,植物园,盛世康城三期,3室2厅,103.99,,67,6501.0
2024-10-20,山东,淄博,张店区,植物园,盛世康城三期,4室2厅,146.03,,108,7451.0
2024-10-16,山东,淄博,张店区,植物园,盛世康城三期,3室2厅,123.24,,72,5883.0
2024-10-06,山东,淄博,张店区,植物园,盛世康城三期,3室1厅,96.14,,63,6553.0
2024-09-26,山东,淄博,张店区,植物园,盛世康城三期,2室2厅,106.0,,58,5496.0
2024-09-15,山东,淄博,张店区,植物园,盛世康城三期,4室2厅,137.26,,78,5683.0
2024-08-28,山东,淄博,张店区,植物园,盛世康城三期,3室2厅,115.0,,65,5653.0
2024-08-21,山东,淄博,张店区,植物园,盛世康城三期,2室2厅,86.0,,53,6163.0
2024-08-20,山东,淄博,张店区,植物园,盛世康城三期,3室2厅,98.0,,63,6429.0
2024-08-17,山东,淄博,张店区,植物园,盛世康城三期,3室2厅,97.25,,63,6561.0
2024-08-08,山东,淄博,张店区,植物园,盛世康城三期,4室2厅,149.0,,120,8054.0
2024-08-06,山东,淄博,张店区,植物园,盛世康城三期,2室2厅,86.1,,61,7085.0
2024-07-20,山东,淄博,张店区,植物园,盛世康城三期,3室2厅,140.41,,108,7692.0
2024-07-02,山东,淄博,张店区,植物园,盛世康城三期,3室2厅,106.39,,70,6580.0
2024-06-13,山东,淄博,张店区,植物园,盛世康城三期,3室2厅,108.0,,63,5834.0
2024-06-05,山东,淄博,张店区,植物园,盛世康城三期,3室2厅,122.01,,76,6300.0
2024-06-02,山东,淄博,张店区,植物园,盛世康城三期,3室2厅,95.0,,67,7053.0
2024-06-01,山东,淄博,张店区,植物园,盛世康城三期,3室1厅,120.0,,82,6834.0
2024-05-15,山东,淄博,张店区,植物园,盛世康城三期,3室2厅,113.55,,55,4856.0
2024-04-29,山东,淄博,张店区,植物园,盛世康城三期,3室2厅,124.49,,78,6266.0
2024-04-09,山东,淄博,张店区,植物园,盛世康城三期,3室2厅,129.0,,107,8295.0
2024-04-04,山东,淄博,张店区,植物园,盛世康城三期,3室2厅,96.7,,73,7550.0
2024-03-27,山东,淄博,张店区,植物园,盛世康城三期,3室1厅,96.1,,56,5828.0
2024-03-07,山东,淄博,张店区,植物园,盛世康城三期,3室2厅,105.59,,73,6914.0
2024-01-15,山东,淄博,张店区,植物园,盛世康城三期,3室2厅,87.0,,45,5173.0
2023-12-31,山东,淄博,张店区,植物园,盛世康城三期,3室2厅,118.9,,85,7191.0
2023-12-08,山东,淄博,张店区,植物园,盛世康城三期,2室2厅,81.0,,53,6544.0
2023-11-26,山东,淄博,张店区,植物园,盛世康城三期,3室2厅,115.14,,68,5906.0
2023-10-02,山东,淄博,张店区,植物园,盛世康城三期,2室2厅,87.0,,55,6322.0
2023-09-23,山东,淄博,张店区,植物园,盛世康城三期,3室2厅,123.0,,99,8049.0
2023-09-20,山东,淄博,张店区,植物园,盛世康城三期,2室2厅,82.0,,41,5000.0
2023-09-18,山东,淄博,张店区,植物园,盛世康城三期,2室1厅,80.36,,51,6347.0
2023-09-17,山东,淄博,张店区,植物园,盛世康城三期,2室1厅,80.8,,56,6931.0
2023-09-12,山东,淄博,张店区,植物园,盛世康城三期,3室2厅,108.63,,79,7291.0
2023-08-18,山东,淄博,张店区,植物园,盛世康城三期,4室2厅,139.6,,146,10502.0
2023-07-30,山东,淄博,张店区,植物园,盛世康城三期,3室2厅,108.0,,77,7204.0
2023-06-28,山东,淄博,张店区,植物园,盛世康城三期,3室2厅,118.9,,82,6897.0
2023-05-29,山东,淄博,张店区,植物园,盛世康城三期,3室2厅,107.0,,73,6823.0
2023-05-19,山东,淄博,张店区,植物园,盛世康城三期,2室2厅,111.45,,74,6685.0
2023-04-08,山东,淄博,张店区,植物园,盛世康城三期,3室2厅,84.0,,53,6310.0
2023-03-07,山东,淄博,张店区,植物园,盛世康城三期,2室1厅,85.0,,63,7412.0
2023-03-07,山东,淄博,张店区,植物园,盛世康城三期,3室2厅,106.0,,75,7076.0
2023-03-05,山东,淄博,张店区,植物园,盛世康城三期,2室2厅,102.0,,74,7265.0
2023-02-22,山东,淄博,张店区,植物园,盛世康城三期,4室2厅,146.03,,102,7020.0
2023-02-12,山东,淄博,张店区,植物园,盛世康城三期,2室1厅,78.32,,54,6921.0
2023-02-12,山东,淄博,张店区,植物园,盛世康城三期,2室2厅,104.68,,66,6382.0
2023-01-31,山东,淄博,张店区,植物园,盛世康城三期,3室2厅,98.0,,80,8245.0
2023-01-05,山东,淄博,张店区,植物园,盛世康城三期,3室2厅,134.0,,94,7053.0
2025-01-13,山东,淄博,淄川区,,地中海阳光,2室2厅,99.0,,54,5455.0
2024-10-06,山东,淄博,淄川区,,地中海阳光,5室2厅,129.3,,106,8198.0
2024-02-01,山东,淄博,淄川区,,地中海阳光,2室2厅,93.72,,41,4375.0
2023-07-09,山东,淄博,淄川区,,地中海阳光,2室1厅,85.25,,36,4282.0
2025-09-26,山东,淄博,张店区,昌国路南段,天泰·嘉亿城,3室2厅,104.89,,84,8009.0
2025-08-31,山东,淄博,张店区,昌国路南段,天泰·嘉亿城,3室2厅,103.5,,72,7034.0
2025-06-26,山东,淄博,张店区,昌国路南段,天泰·嘉亿城,3室2厅,104.69,,82,7881.0
2025-05-22,山东,淄博,张店区,昌国路南段,天泰·嘉亿城,3室2厅,125.46,,118,9470.0
2025-05-15,山东,淄博,张店区,昌国路南段,天泰·嘉亿城,3室2厅,105.61,,81,7670.0
2025-04-16,山东,淄博,张店区,昌国路南段,天泰·嘉亿城,3室2厅,131.54,,107,8173.0
2025-04-13,山东,淄博,张店区,昌国路南段,天泰·嘉亿城,3室2厅,104.71,,81,7784.0
2025-03-26,山东,淄博,张店区,昌国路南段,天泰·嘉亿城,3室1厅,105.0,,70,6667.0
2025-03-21,山东,淄博,张店区,昌国路南段,天泰·嘉亿城,3室2厅,132.72,,111,8424.0
2025-02-25,山东,淄博,张店区,昌国路南段,天泰·嘉亿城,3室2厅,119.29,,84,7066.0
2025-01-18,山东,淄博,张店区,昌国路南段,天泰·嘉亿城,3室1厅,105.0,,88,8399.0
2024-12-14,山东,淄博,张店区,昌国路南段,天泰·嘉亿城,3室2厅,125.0,,105,8440.0
2024-10-19,山东,淄博,张店区,昌国路南段,天泰·嘉亿城,3室2厅,104.6,,75,7199.0
2024-10-06,山东,淄博,张店区,昌国路南段,天泰·嘉亿城,3室2厅,105.0,,74,7129.0
2024-09-21,山东,淄博,张店区,昌国路南段,天泰·嘉亿城,3室1厅,122.59,,86,7081.0
2024-09-17,山东,淄博,张店区,昌国路南段,天泰·嘉亿城,3室2厅,105.0,,74,7048.0
2024-03-31,山东,淄博,张店区,昌国路南段,天泰·嘉亿城,3室2厅,122.59,,72,5874.0
2023-09-14,山东,淄博,张店区,昌国路南段,天泰·嘉亿城,3室2厅,139.0,,103,7411.0
2023-08-15,山东,淄博,张店区,昌国路南段,天泰·嘉亿城,3室2厅,124.0,,93,7533.0
2025-07-17,山东,淄博,张店区,世纪大酒店,东方之珠,,24.69,,12,5246.0
2025-05-30,山东,淄博,张店区,世纪大酒店,东方之珠,1室1厅,24.69,,12,5246.0
2025-05-05,山东,淄博,张店区,世纪大酒店,东方之珠,1室1厅,30.59,,12,4087.0
2024-10-20,山东,淄博,张店区,世纪大酒店,东方之珠,1室1厅,53.0,,25,4717.0
2024-10-06,山东,淄博,张店区,世纪大酒店,东方之珠,1室1厅,32.0,,17,5532.0
2024-08-31,山东,淄博,张店区,世纪大酒店,东方之珠,1室1厅,30.8,,12,4059.0
2024-06-12,山东,淄博,张店区,世纪大酒店,东方之珠,1室1厅,52.0,,24,4712.0
2024-05-22,山东,淄博,张店区,世纪大酒店,东方之珠,1室1厅,51.42,,24,4765.0
2024-03-08,山东,淄博,张店区,世纪大酒店,东方之珠,1室1厅,43.0,,18,4256.0
2024-02-23,山东,淄博,张店区,世纪大酒店,东方之珠,1室1厅,35.5,,16,4564.0
2024-02-07,山东,淄博,张店区,世纪大酒店,东方之珠,1室1厅,34.2,,17,5059.0
2024-01-17,山东,淄博,张店区,世纪大酒店,东方之珠,1室1厅,31.0,,18,5839.0
2023-09-02,山东,淄博,张店区,世纪大酒店,东方之珠,1室1厅,51.42,,24,4804.0
2023-07-27,山东,淄博,张店区,世纪大酒店,东方之珠,1室1厅,51.0,,23,4608.0
2023-07-22,山东,淄博,张店区,世纪大酒店,东方之珠,1室1厅,30.71,,17,5780.0
2023-07-22,山东,淄博,张店区,世纪大酒店,东方之珠,1室1厅,31.7,,17,5600.0
2023-06-26,山东,淄博,张店区,世纪大酒店,东方之珠,1室1厅,21.0,,13,6191.0
2023-06-18,山东,淄博,张店区,世纪大酒店,东方之珠,1室1厅,51.42,,24,4746.0
2023-06-13,山东,淄博,张店区,世纪大酒店,东方之珠,1室1厅,31.6,,15,4747.0
2023-03-06,山东,淄博,张店区,世纪大酒店,东方之珠,1室1厅,51.4,,24,4767.0
2025-04-06,山东,淄博,张店区,高新,旭辉银盛泰星悦城,3室1厅,113.74,,70,6155.0
2024-10-06,山东,淄博,张店区,高新,旭辉银盛泰星悦城,3室2厅,101.69,,60,5950.0
2025-05-18,山东,淄博,张店区,万达广场,颐丰花园颐馨园,3室2厅,165.36,,171,10342.0
2025-04-29,山东,淄博,张店区,万达广场,颐丰花园颐馨园,3室2厅,137.21,,158,11516.0
2023-09-12,山东,淄博,张店区,万达广场,颐丰花园颐馨园,4室2厅,178.19,,234,13133.0
2024-10-06,山东,淄博,张店区,实验中学,天府清華園,3室2厅,110.0,,106,9637.0
2024-06-19,山东,淄博,张店区,实验中学,天府清華園,3室2厅,136.12,,132,9698.0
2024-03-23,山东,淄博,张店区,实验中学,天府清華園,3室1厅,110.75,,112,10113.0
2023-12-03,山东,淄博,张店区,实验中学,天府清華園,1室1厅,51.54,,52,10090.0
2023-04-06,山东,淄博,张店区,实验中学,天府清華園,2室1厅,81.92,,89,10865.0
2023-02-14,山东,淄博,张店区,实验中学,天府清華園,2室1厅,79.35,,80,10082.0
2023-01-27,山东,淄博,张店区,实验中学,天府清華園,3室2厅,118.94,,155,13032.0
2025-09-23,山东,淄博,张店区,龙凤苑,民泰 · 龙泰苑A区,3室2厅,169.0,,144,8563.0
2025-06-08,山东,淄博,张店区,龙凤苑,民泰 · 龙泰苑A区,3室2厅,127.0,,116,9182.0
2025-05-18,山东,淄博,张店区,龙凤苑,民泰 · 龙泰苑A区,2室2厅,100.52,,80,8009.0
2025-05-11,山东,淄博,张店区,龙凤苑,民泰 · 龙泰苑A区,3室2厅,125.42,,110,8771.0
2025-02-23,山东,淄博,张店区,龙凤苑,民泰 · 龙泰苑A区,3室2厅,125.6,,115,9220.0
2024-11-08,山东,淄博,张店区,龙凤苑,民泰 · 龙泰苑A区,3室2厅,125.42,,118,9465.0
2024-11-03,山东,淄博,张店区,龙凤苑,民泰 · 龙泰苑A区,3室2厅,111.0,,53,4847.0
2024-10-17,山东,淄博,张店区,龙凤苑,民泰 · 龙泰苑A区,3室2厅,128.31,,130,10132.0
2024-10-05,山东,淄博,张店区,龙凤苑,民泰 · 龙泰苑A区,3室2厅,106.0,,98,9246.0
2024-07-16,山东,淄博,张店区,龙凤苑,民泰 · 龙泰苑A区,3室2厅,125.0,,120,9600.0
2024-06-03,山东,淄博,张店区,龙凤苑,民泰 · 龙泰苑A区,3室2厅,125.6,,113,9069.0
2024-04-12,山东,淄博,张店区,龙凤苑,民泰 · 龙泰苑A区,3室2厅,130.01,,123,9461.0
2024-03-22,山东,淄博,张店区,龙凤苑,民泰 · 龙泰苑A区,3室2厅,139.0,,130,9353.0
2023-11-27,山东,淄博,张店区,龙凤苑,民泰 · 龙泰苑A区,3室2厅,138.0,,70,5073.0
2023-09-15,山东,淄博,张店区,龙凤苑,民泰 · 龙泰苑A区,3室1厅,126.8,,76,6018.0
2023-09-13,山东,淄博,张店区,龙凤苑,民泰 · 龙泰苑A区,3室2厅,136.6,,155,11347.0
2023-06-13,山东,淄博,张店区,龙凤苑,民泰 · 龙泰苑A区,3室2厅,125.0,,128,10240.0
2023-06-12,山东,淄博,张店区,龙凤苑,民泰 · 龙泰苑A区,3室2厅,135.14,,78,5772.0
2023-05-23,山东,淄博,张店区,龙凤苑,民泰 · 龙泰苑A区,3室2厅,125.42,,135,10764.0
2023-03-24,山东,淄博,张店区,龙凤苑,民泰 · 龙泰苑A区,2室1厅,59.14,,65,11127.0
2023-01-28,山东,淄博,张店区,龙凤苑,民泰 · 龙泰苑A区,3室2厅,127.07,,146,11490.0
2025-08-05,山东,淄博,张店区,莲池小学,黄金国际,1室1厅,66.17,,41,6197.0
2025-07-21,山东,淄博,张店区,莲池小学,黄金国际,3室2厅,138.94,,95,6860.0
2025-07-14,山东,淄博,张店区,莲池小学,黄金国际,2室2厅,102.74,,50,4867.0
2025-07-11,山东,淄博,张店区,莲池小学,黄金国际,2室2厅,96.83,,75,7746.0
2025-07-10,山东,淄博,张店区,莲池小学,黄金国际,3室2厅,133.78,,150,11213.0
2025-06-29,山东,淄博,张店区,莲池小学,黄金国际,2室1厅,74.0,,41,5636.0
2025-06-26,山东,淄博,张店区,莲池小学,黄金国际,2室2厅,101.4,,74,7348.0
2025-06-21,山东,淄博,张店区,莲池小学,黄金国际,3室2厅,150.59,,111,7372.0
2025-06-13,山东,淄博,张店区,莲池小学,黄金国际,3室2厅,157.22,,136,8702.0
2025-06-12,山东,淄博,张店区,莲池小学,黄金国际,2室2厅,112.69,,68,6079.0
2025-06-11,山东,淄博,张店区,莲池小学,黄金国际,3室2厅,134.63,,103,7651.0
2025-06-09,山东,淄博,张店区,莲池小学,黄金国际,1室2厅,66.0,,45,6849.0
2025-05-24,山东,淄博,张店区,莲池小学,黄金国际,1室1厅,48.09,,30,6405.0
2025-05-10,山东,淄博,张店区,莲池小学,黄金国际,3室2厅,150.59,,118,7870.0
2025-05-03,山东,淄博,张店区,莲池小学,黄金国际,3室2厅,152.5,,123,8066.0
2025-04-17,山东,淄博,张店区,莲池小学,黄金国际,3室2厅,154.0,,115,7500.0
2025-04-15,山东,淄博,张店区,莲池小学,黄金国际,3室2厅,121.0,,101,8389.0
2025-04-14,山东,淄博,张店区,莲池小学,黄金国际,2室2厅,102.0,,75,7353.0
2025-03-25,山东,淄博,张店区,莲池小学,黄金国际,1室1厅,47.5,,32,6737.0
2025-02-20,山东,淄博,张店区,莲池小学,黄金国际,1室1厅,50.18,,30,6059.0
2025-01-21,山东,淄博,张店区,莲池小学,黄金国际,1室1厅,50.0,,60,12000.0
2025-01-12,山东,淄博,张店区,莲池小学,黄金国际,1室2厅,67.0,,50,7463.0
2024-12-20,山东,淄博,张店区,莲池小学,黄金国际,1室1厅,67.1,,45,6752.0
2024-12-15,山东,淄博,张店区,莲池小学,黄金国际,1室1厅,48.09,,33,6967.0
2024-11-22,山东,淄博,张店区,莲池小学,黄金国际,3室2厅,134.2,,110,8197.0
2024-11-20,山东,淄博,张店区,莲池小学,黄金国际,3室2厅,133.88,,109,8142.0
2024-11-03,山东,淄博,张店区,莲池小学,黄金国际,3室2厅,149.61,,120,8021.0
2024-10-24,山东,淄博,张店区,莲池小学,黄金国际,2室2厅,110.34,,76,6888.0
2024-10-17,山东,淄博,张店区,莲池小学,黄金国际,3室1厅,149.5,,130,8696.0
2024-10-11,山东,淄博,张店区,莲池小学,黄金国际,2室1厅,73.76,,51,6996.0
2024-10-04,山东,淄博,张店区,莲池小学,黄金国际,2室2厅,98.95,,67,6822.0
2024-10-01,山东,淄博,张店区,莲池小学,黄金国际,2室2厅,107.27,,93,8670.0
2024-09-11,山东,淄博,张店区,莲池小学,黄金国际,3室2厅,133.33,,111,8326.0
2024-09-06,山东,淄博,张店区,莲池小学,黄金国际,2室2厅,109.31,,75,6889.0
2024-08-25,山东,淄博,张店区,莲池小学,黄金国际,1室1厅,67.33,,39,5793.0
2024-08-13,山东,淄博,张店区,莲池小学,黄金国际,1室1厅,47.53,,33,7049.0
2024-07-21,山东,淄博,张店区,莲池小学,黄金国际,2室2厅,106.42,,83,7892.0
2024-07-13,山东,淄博,张店区,莲池小学,黄金国际,2室2厅,92.77,,75,8085.0
2024-06-30,山东,淄博,张店区,莲池小学,黄金国际,2室2厅,96.0,,72,7500.0
2024-06-28,山东,淄博,张店区,莲池小学,黄金国际,1室1厅,47.53,,36,7617.0
2024-06-17,山东,淄博,张店区,莲池小学,黄金国际,2室2厅,111.01,,75,6757.0
2024-06-07,山东,淄博,张店区,莲池小学,黄金国际,3室2厅,152.5,,136,8919.0
2024-06-04,山东,淄博,张店区,莲池小学,黄金国际,3室2厅,144.5,,126,8720.0
2024-05-25,山东,淄博,张店区,莲池小学,黄金国际,2室2厅,101.96,,76,7503.0
2024-05-19,山东,淄博,张店区,莲池小学,黄金国际,3室2厅,139.0,,128,9209.0
2024-05-07,山东,淄博,张店区,莲池小学,黄金国际,3室2厅,121.32,,89,7402.0
2024-04-17,山东,淄博,张店区,莲池小学,黄金国际,1室1厅,71.0,,60,8451.0
2024-04-12,山东,淄博,张店区,莲池小学,黄金国际,1室1厅,48.09,,36,7486.0
2024-03-28,山东,淄博,张店区,莲池小学,黄金国际,2室2厅,112.96,,86,7685.0
2024-03-27,山东,淄博,张店区,莲池小学,黄金国际,2室2厅,100.1,,80,8042.0
2024-03-06,山东,淄博,张店区,莲池小学,黄金国际,2室2厅,108.32,,81,7478.0
2024-01-30,山东,淄博,张店区,莲池小学,黄金国际,1室2厅,67.1,,53,8033.0
2023-12-07,山东,淄博,张店区,莲池小学,黄金国际,3室2厅,117.37,,96,8180.0
2023-11-04,山东,淄博,张店区,莲池小学,黄金国际,3室2厅,135.54,,125,9223.0
2023-10-21,山东,淄博,张店区,莲池小学,黄金国际,2室1厅,107.27,,89,8344.0
2023-10-15,山东,淄博,张店区,莲池小学,黄金国际,1室1厅,79.25,,56,7067.0
2023-10-09,山东,淄博,张店区,莲池小学,黄金国际,1室1厅,75.0,,58,7734.0
2023-09-26,山东,淄博,张店区,莲池小学,黄金国际,1室2厅,66.17,,57,8736.0
2023-09-24,山东,淄博,张店区,莲池小学,黄金国际,3室1厅,125.0,,91,7280.0
2023-09-23,山东,淄博,张店区,莲池小学,黄金国际,2室2厅,92.86,,100,10769.0
2023-09-08,山东,淄博,张店区,莲池小学,黄金国际,2室2厅,68.0,,35,5221.0
2023-09-06,山东,淄博,张店区,莲池小学,黄金国际,2室2厅,101.59,,83,8171.0
2023-08-26,山东,淄博,张店区,莲池小学,黄金国际,1室1厅,67.0,,53,7986.0
2023-08-06,山东,淄博,张店区,莲池小学,黄金国际,2室2厅,112.0,,87,7768.0
2023-08-05,山东,淄博,张店区,莲池小学,黄金国际,2室2厅,110.07,,94,8568.0
2023-05-25,山东,淄博,张店区,莲池小学,黄金国际,1室1厅,66.17,,57,8720.0
2023-05-05,山东,淄博,张店区,莲池小学,黄金国际,2室2厅,93.0,,85,9140.0
2023-05-03,山东,淄博,张店区,莲池小学,黄金国际,1室2厅,66.17,,55,8433.0
2023-04-09,山东,淄博,张店区,莲池小学,黄金国际,2室2厅,112.0,,94,8420.0
2023-03-11,山东,淄博,张店区,莲池小学,黄金国际,4室2厅,166.92,,125,7489.0
2023-02-28,山东,淄博,张店区,莲池小学,黄金国际,2室2厅,92.86,,88,9563.0
2023-02-14,山东,淄博,张店区,莲池小学,黄金国际,2室2厅,102.74,,67,6522.0
2023-01-27,山东,淄博,张店区,莲池小学,黄金国际,3室2厅,135.0,,156,11556.0
2023-01-14,山东,淄博,张店区,莲池小学,黄金国际,3室2厅,150.0,,151,10067.0
2025-04-01,山东,淄博,淄川区,淄川,泰都花苑,2室2厅,95.0,,40,4211.0
2025-03-26,山东,淄博,淄川区,淄川,泰都花苑,3室2厅,109.0,,60,5505.0
2024-10-04,山东,淄博,淄川区,淄川,泰都花苑,2室2厅,93.0,,40,4355.0
2025-03-16,山东,淄博,张店区,实验中学,创业学府花园,2室2厅,96.51,,58,6010.0
2024-10-04,山东,淄博,张店区,实验中学,创业学府花园,2室2厅,91.95,,55,6069.0
2024-05-22,山东,淄博,张店区,实验中学,创业学府花园,2室2厅,110.5,,61,5602.0
2024-03-17,山东,淄博,张店区,实验中学,创业学府花园,2室2厅,103.98,,53,5175.0
2023-05-17,山东,淄博,张店区,实验中学,创业学府花园,2室2厅,103.98,,54,5194.0
2023-05-13,山东,淄博,张店区,实验中学,创业学府花园,2室2厅,91.0,,61,6704.0
2023-03-06,山东,淄博,张店区,实验中学,创业学府花园,2室2厅,109.94,,70,6413.0
2025-05-22,山东,淄博,桓台县,信誉楼,东岳国际,3室2厅,124.89,,105,8408.0
2023-05-18,山东,淄博,桓台县,信誉楼,东岳国际,3室1厅,99.37,,102,10315.0
2025-08-18,山东,淄博,淄川区,淄川,鼓浪屿小镇,3室2厅,119.91,,64,5380.0
2025-07-26,山东,淄博,淄川区,淄川,鼓浪屿小镇,3室2厅,119.91,,59,4963.0
2025-07-13,山东,淄博,淄川区,淄川,鼓浪屿小镇,3室2厅,104.0,,51,4904.0
2025-07-05,山东,淄博,淄川区,淄川,鼓浪屿小镇,3室2厅,107.63,,47,4404.0
2025-02-07,山东,淄博,淄川区,淄川,鼓浪屿小镇,3室1厅,110.3,,58,5259.0
2024-10-21,山东,淄博,淄川区,淄川,鼓浪屿小镇,2室2厅,86.53,,39,4600.0
2024-10-04,山东,淄博,淄川区,淄川,鼓浪屿小镇,4室2厅,153.08,,106,6958.0
2024-09-13,山东,淄博,淄川区,淄川,鼓浪屿小镇,3室2厅,121.74,,59,4896.0
2024-08-02,山东,淄博,淄川区,淄川,鼓浪屿小镇,3室1厅,104.19,,50,4799.0
2024-05-25,山东,淄博,淄川区,淄川,鼓浪屿小镇,3室2厅,120.52,,80,6638.0
2024-05-06,山东,淄博,淄川区,淄川,鼓浪屿小镇,3室2厅,107.63,,52,4832.0
2024-03-17,山东,淄博,淄川区,淄川,鼓浪屿小镇,3室2厅,115.0,,77,6766.0
2024-03-11,山东,淄博,淄川区,淄川,鼓浪屿小镇,3室2厅,139.96,,90,6431.0
2024-03-07,山东,淄博,淄川区,淄川,鼓浪屿小镇,3室2厅,115.0,,85,7435.0
2024-02-25,山东,淄博,淄川区,淄川,鼓浪屿小镇,3室1厅,104.19,,52,5039.0
2023-09-16,山东,淄博,淄川区,淄川,鼓浪屿小镇,3室2厅,117.98,,92,7798.0
2023-09-15,山东,淄博,淄川区,淄川,鼓浪屿小镇,4室2厅,153.08,,108,7056.0
2023-08-23,山东,淄博,淄川区,淄川,鼓浪屿小镇,3室2厅,123.21,,63,5114.0
2023-07-10,山东,淄博,淄川区,淄川,鼓浪屿小镇,3室2厅,120.0,,82,6859.0
2023-05-08,山东,淄博,淄川区,淄川,鼓浪屿小镇,3室2厅,119.97,,102,8503.0
2023-04-26,山东,淄博,淄川区,淄川,鼓浪屿小镇,3室2厅,111.17,,85,7646.0
2023-03-28,山东,淄博,淄川区,淄川,鼓浪屿小镇,3室2厅,104.0,,63,6087.0
2023-03-26,山东,淄博,淄川区,淄川,鼓浪屿小镇,2室1厅,93.01,,60,6505.0
2023-03-20,山东,淄博,淄川区,淄川,鼓浪屿小镇,3室1厅,111.0,,105,9514.0
2023-02-26,山东,淄博,淄川区,淄川,鼓浪屿小镇,3室2厅,107.63,,77,7220.0
2023-01-28,山东,淄博,淄川区,淄川,鼓浪屿小镇,3室1厅,104.19,,73,7084.0
2025-09-13,山东,淄博,张店区,,小张社区,3室2厅,127.02,,83,6582.0
2025-05-01,山东,淄博,张店区,,小张社区,3室2厅,126.7,,84,6670.0
2025-03-31,山东,淄博,张店区,,小张社区,3室1厅,99.0,,62,6314.0
2024-12-09,山东,淄博,张店区,,小张社区,3室2厅,126.59,,75,5925.0
2024-10-04,山东,淄博,张店区,,小张社区,3室2厅,126.67,,82,6474.0
2024-09-02,山东,淄博,张店区,,小张社区,3室2厅,126.0,,81,6429.0
2024-08-30,山东,淄博,张店区,,小张社区,3室2厅,126.7,,83,6599.0
2024-08-11,山东,淄博,张店区,,小张社区,3室2厅,126.68,,81,6434.0
2024-07-29,山东,淄博,张店区,,小张社区,3室2厅,127.04,,92,7242.0
2024-07-18,山东,淄博,张店区,,小张社区,3室2厅,126.59,,84,6636.0
2025-06-28,山东,淄博,张店区,陶瓷科技城,东岳盛景澜庭,3室2厅,150.0,,103,6907.0
2025-03-27,山东,淄博,张店区,陶瓷科技城,东岳盛景澜庭,3室2厅,116.0,,75,6466.0
2024-12-18,山东,淄博,张店区,陶瓷科技城,东岳盛景澜庭,4室2厅,141.0,,106,7518.0
2024-10-03,山东,淄博,张店区,陶瓷科技城,东岳盛景澜庭,3室2厅,121.61,,77,6349.0
2024-06-27,山东,淄博,张店区,陶瓷科技城,东岳盛景澜庭,2室2厅,93.0,,50,5377.0
2023-10-07,山东,淄博,张店区,陶瓷科技城,东岳盛景澜庭,3室2厅,140.69,,138,9809.0
2023-08-01,山东,淄博,张店区,陶瓷科技城,东岳盛景澜庭,2室2厅,93.08,,61,6649.0
2023-07-10,山东,淄博,张店区,陶瓷科技城,东岳盛景澜庭,5室3厅,242.39,,300,12377.0
2023-05-31,山东,淄博,张店区,陶瓷科技城,东岳盛景澜庭,4室3厅,242.39,,302,12480.0
2025-04-05,山东,淄博,桓台县,桓台,天煜紫悦城,3室2厅,117.88,,83,7042.0
2025-03-22,山东,淄博,桓台县,桓台,天煜紫悦城,2室2厅,94.98,,56,5896.0
2025-02-19,山东,淄博,桓台县,桓台,天煜紫悦城,3室1厅,93.0,,57,6130.0
2024-03-02,山东,淄博,桓台县,桓台,天煜紫悦城,2室2厅,103.8,,62,6022.0
2024-01-30,山东,淄博,桓台县,桓台,天煜紫悦城,2室1厅,67.1,,48,7154.0
2023-11-22,山东,淄博,桓台县,桓台,天煜紫悦城,3室2厅,134.9,,142,10527.0
2023-11-07,山东,淄博,桓台县,桓台,天煜紫悦城,3室2厅,133.71,,103,7704.0
2025-07-15,山东,淄博,淄川区,,金域華庭,2室2厅,90.55,,54,5964.0
2024-10-03,山东,淄博,淄川区,,金域華庭,2室2厅,90.0,,37,4167.0
2024-05-24,山东,淄博,淄川区,,金域華庭,3室2厅,115.5,,77,6667.0
2023-09-15,山东,淄博,淄川区,,金域華庭,3室2厅,110.82,,80,7219.0
2023-02-27,山东,淄博,淄川区,,金域華庭,2室2厅,86.0,,74,8710.0
2025-07-05,山东,淄博,张店区,龙凤苑,颐丰花园绿溪园,3室2厅,114.0,,95,8334.0
2025-04-19,山东,淄博,张店区,龙凤苑,颐丰花园绿溪园,3室2厅,127.05,,142,11177.0
2024-03-29,山东,淄博,张店区,龙凤苑,颐丰花园绿溪园,2室2厅,95.68,,98,10243.0
2024-01-18,山东,淄博,张店区,龙凤苑,颐丰花园绿溪园,2室2厅,95.16,,110,11560.0
2023-02-22,山东,淄博,张店区,龙凤苑,颐丰花园绿溪园,2室2厅,98.0,,139,14184.0
2025-09-22,山东,淄博,张店区,马尚,汇美·花月苑,2室2厅,94.0,,47,5064.0
2025-09-17,山东,淄博,张店区,马尚,汇美·花月苑,3室2厅,110.0,,49,4510.0
2025-09-15,山东,淄博,张店区,马尚,汇美·花月苑,3室2厅,114.41,,65,5682.0
2025-07-21,山东,淄博,张店区,马尚,汇美·花月苑,2室2厅,87.69,,38,4334.0
2025-07-01,山东,淄博,张店区,马尚,汇美·花月苑,2室2厅,83.19,,42,5109.0
2025-06-29,山东,淄博,张店区,马尚,汇美·花月苑,2室2厅,87.78,,41,4671.0
2025-06-26,山东,淄博,张店区,马尚,汇美·花月苑,2室1厅,93.25,,42,4537.0
2025-05-13,山东,淄博,张店区,马尚,汇美·花月苑,2室2厅,94.07,,46,4954.0
2025-04-15,山东,淄博,张店区,马尚,汇美·花月苑,2室2厅,95.0,,39,4106.0
2025-03-09,山东,淄博,张店区,马尚,汇美·花月苑,2室2厅,94.69,,49,5175.0
2025-02-24,山东,淄博,张店区,马尚,汇美·花月苑,3室2厅,114.0,,68,6009.0
2025-02-20,山东,淄博,张店区,马尚,汇美·花月苑,2室2厅,83.19,,42,5073.0
2025-01-25,山东,淄博,张店区,马尚,汇美·花月苑,2室2厅,93.22,,54,5793.0
2024-11-20,山东,淄博,张店区,马尚,汇美·花月苑,2室2厅,88.0,,45,5114.0
2024-11-17,山东,淄博,张店区,马尚,汇美·花月苑,2室2厅,93.39,,55,5890.0
2024-11-14,山东,淄博,张店区,马尚,汇美·花月苑,2室2厅,94.1,,49,5293.0
2024-11-12,山东,淄博,张店区,马尚,汇美·花月苑,2室2厅,95.92,,60,6256.0
2024-10-09,山东,淄博,张店区,马尚,汇美·花月苑,3室1厅,96.17,,67,7019.0
2024-10-02,山东,淄博,张店区,马尚,汇美·花月苑,2室2厅,88.0,,50,5682.0
2024-09-24,山东,淄博,张店区,马尚,汇美·花月苑,3室2厅,114.41,,63,5507.0
2024-09-01,山东,淄博,张店区,马尚,汇美·花月苑,2室2厅,98.96,,49,4952.0
2024-08-25,山东,淄博,张店区,马尚,汇美·花月苑,2室2厅,93.88,,48,5113.0
2024-08-24,山东,淄博,张店区,马尚,汇美·花月苑,2室2厅,93.25,,49,5255.0
2024-08-19,山东,淄博,张店区,马尚,汇美·花月苑,2室2厅,93.0,,42,4570.0
2024-08-13,山东,淄博,张店区,马尚,汇美·花月苑,2室2厅,93.23,,53,5728.0
2024-08-04,山东,淄博,张店区,马尚,汇美·花月苑,2室1厅,82.51,,40,4921.0
2024-07-01,山东,淄博,张店区,马尚,汇美·花月苑,3室2厅,117.08,,72,6150.0
2024-04-21,山东,淄博,张店区,马尚,汇美·花月苑,2室1厅,82.51,,48,5903.0
2024-03-27,山东,淄博,张店区,马尚,汇美·花月苑,2室2厅,99.0,,51,5152.0
2024-03-21,山东,淄博,张店区,马尚,汇美·花月苑,2室2厅,93.58,,54,5771.0
2024-03-08,山东,淄博,张店区,马尚,汇美·花月苑,2室2厅,97.0,,58,5980.0
2023-12-13,山东,淄博,张店区,马尚,汇美·花月苑,2室2厅,83.19,,45,5470.0
2023-12-09,山东,淄博,张店区,马尚,汇美·花月苑,2室2厅,93.58,,51,5482.0
2023-12-08,山东,淄博,张店区,马尚,汇美·花月苑,2室2厅,89.7,,49,5519.0
2023-10-25,山东,淄博,张店区,马尚,汇美·花月苑,3室2厅,114.41,,67,5857.0
2023-09-06,山东,淄博,张店区,马尚,汇美·花月苑,2室2厅,93.61,,53,5662.0
2023-08-05,山东,淄博,张店区,马尚,汇美·花月苑,2室2厅,83.19,,58,6972.0
2023-07-06,山东,淄博,张店区,马尚,汇美·花月苑,2室2厅,93.25,,58,6220.0
2023-06-24,山东,淄博,张店区,马尚,汇美·花月苑,2室2厅,82.51,,57,6981.0
2023-05-22,山东,淄博,张店区,马尚,汇美·花月苑,2室2厅,87.78,,59,6813.0
2023-03-16,山东,淄博,张店区,马尚,汇美·花月苑,2室1厅,91.42,,60,6564.0
2025-07-27,山东,淄博,张店区,,恒大林溪郡,3室2厅,136.0,,76,5589.0
2025-07-17,山东,淄博,张店区,,恒大林溪郡,3室2厅,135.0,,77,5734.0
2025-05-24,山东,淄博,张店区,,恒大林溪郡,3室2厅,135.0,,76,5630.0
2025-05-18,山东,淄博,张店区,,恒大林溪郡,3室2厅,131.8,,80,6070.0
2024-10-02,山东,淄博,张店区,,恒大林溪郡,3室2厅,134.7,,82,6147.0
2024-07-25,山东,淄博,张店区,,恒大林溪郡,3室2厅,108.07,,68,6293.0
2024-07-10,山东,淄博,张店区,,恒大林溪郡,3室2厅,135.0,,82,6112.0
2024-03-02,山东,淄博,张店区,,恒大林溪郡,3室2厅,130.95,,85,6492.0
2023-09-30,山东,淄博,张店区,,恒大林溪郡,3室2厅,108.54,,77,7095.0
2025-09-06,山东,淄博,张店区,世纪大酒店,温馨家园,3室1厅,64.64,,16,2476.0
2025-07-25,山东,淄博,张店区,世纪大酒店,温馨家园,2室2厅,96.43,,43,4543.0
2025-07-09,山东,淄博,张店区,世纪大酒店,温馨家园,2室2厅,92.66,,40,4371.0
2025-03-18,山东,淄博,张店区,世纪大酒店,温馨家园,2室2厅,88.7,,43,4848.0
2025-01-15,山东,淄博,张店区,世纪大酒店,温馨家园,3室1厅,94.0,,43,4575.0
2024-11-25,山东,淄博,张店区,世纪大酒店,温馨家园,2室2厅,91.0,,45,4946.0
2024-10-02,山东,淄博,张店区,世纪大酒店,温馨家园,2室1厅,79.0,,54,6836.0
2024-07-27,山东,淄博,张店区,世纪大酒店,温馨家园,3室2厅,112.02,,47,4196.0
2024-07-24,山东,淄博,张店区,世纪大酒店,温馨家园,2室1厅,78.13,,31,4019.0
2024-07-01,山东,淄博,张店区,世纪大酒店,温馨家园,2室2厅,97.0,,38,3918.0
2024-06-08,山东,淄博,张店区,世纪大酒店,温馨家园,2室1厅,71.0,,40,5634.0
2024-04-17,山东,淄博,张店区,世纪大酒店,温馨家园,2室2厅,85.41,,55,6475.0
2024-03-02,山东,淄博,张店区,世纪大酒店,温馨家园,2室2厅,90.42,,54,5973.0
2023-07-27,山东,淄博,张店区,世纪大酒店,温馨家园,2室2厅,98.0,,60,6123.0
2023-04-09,山东,淄博,张店区,世纪大酒店,温馨家园,3室1厅,95.11,,48,5131.0
2023-02-20,山东,淄博,张店区,世纪大酒店,温馨家园,2室2厅,85.41,,56,6557.0
2025-08-16,山东,淄博,张店区,龙凤苑,民泰龙凤苑A区,3室2厅,192.19,,138,7181.0
2025-08-13,山东,淄博,张店区,龙凤苑,民泰龙凤苑A区,3室2厅,167.68,,132,7873.0
2025-07-11,山东,淄博,张店区,龙凤苑,民泰龙凤苑A区,3室2厅,159.98,,126,7926.0
2025-06-23,山东,淄博,张店区,龙凤苑,民泰龙凤苑A区,3室2厅,166.21,,133,8002.0
2025-05-09,山东,淄博,张店区,龙凤苑,民泰龙凤苑A区,3室2厅,150.6,,138,9197.0
2025-04-09,山东,淄博,张店区,龙凤苑,民泰龙凤苑A区,3室2厅,169.0,,147,8699.0
2025-03-15,山东,淄博,张店区,龙凤苑,民泰龙凤苑A区,3室2厅,118.85,,98,8246.0
2025-01-15,山东,淄博,张店区,龙凤苑,民泰龙凤苑A区,3室2厅,123.96,,97,7826.0
2024-12-23,山东,淄博,张店区,龙凤苑,民泰龙凤苑A区,3室2厅,140.89,,118,8376.0
2024-12-15,山东,淄博,张店区,龙凤苑,民泰龙凤苑A区,3室2厅,130.56,,85,6557.0
2024-11-17,山东,淄博,张店区,龙凤苑,民泰龙凤苑A区,5室2厅,118.85,,70,5958.0
2024-11-05,山东,淄博,张店区,龙凤苑,民泰龙凤苑A区,3室2厅,125.66,,111,8874.0
2024-10-27,山东,淄博,张店区,龙凤苑,民泰龙凤苑A区,3室2厅,106.9,,93,8700.0
2024-07-13,山东,淄博,张店区,龙凤苑,民泰龙凤苑A区,3室2厅,136.5,,109,8044.0
2024-06-23,山东,淄博,张店区,龙凤苑,民泰龙凤苑A区,3室2厅,146.97,,146,9935.0
2024-05-12,山东,淄博,张店区,龙凤苑,民泰龙凤苑A区,4室3厅,166.0,,108,6525.0
2024-04-27,山东,淄博,张店区,龙凤苑,民泰龙凤苑A区,3室2厅,150.6,,136,9084.0
2024-04-19,山东,淄博,张店区,龙凤苑,民泰龙凤苑A区,3室2厅,166.21,,136,8183.0
2024-03-18,山东,淄博,张店区,龙凤苑,民泰龙凤苑A区,3室2厅,159.97,,162,10127.0
2024-03-16,山东,淄博,张店区,龙凤苑,民泰龙凤苑A区,3室2厅,113.02,,117,10353.0
2024-01-30,山东,淄博,张店区,龙凤苑,民泰龙凤苑A区,3室1厅,103.87,,86,8280.0
2023-12-31,山东,淄博,张店区,龙凤苑,民泰龙凤苑A区,3室2厅,108.0,,103,9593.0
2023-12-09,山东,淄博,张店区,龙凤苑,民泰龙凤苑A区,3室2厅,125.66,,118,9391.0
2023-11-25,山东,淄博,张店区,龙凤苑,民泰龙凤苑A区,3室2厅,166.21,,145,8724.0
2023-10-30,山东,淄博,张店区,龙凤苑,民泰龙凤苑A区,3室2厅,96.91,,109,11331.0
2023-07-03,山东,淄博,张店区,龙凤苑,民泰龙凤苑A区,3室2厅,124.28,,118,9495.0
2023-06-24,山东,淄博,张店区,龙凤苑,民泰龙凤苑A区,3室2厅,165.0,,194,11794.0
2023-06-23,山东,淄博,张店区,龙凤苑,民泰龙凤苑A区,3室2厅,97.0,,95,9794.0
2023-05-20,山东,淄博,张店区,龙凤苑,民泰龙凤苑A区,2室2厅,98.23,,98,10028.0
2023-03-13,山东,淄博,张店区,龙凤苑,民泰龙凤苑A区,2室2厅,90.96,,67,7454.0
2023-03-06,山东,淄博,张店区,龙凤苑,民泰龙凤苑A区,2室2厅,99.23,,92,9272.0
2023-02-19,山东,淄博,张店区,龙凤苑,民泰龙凤苑A区,2室2厅,97.85,,88,9019.0
2023-02-08,山东,淄博,张店区,龙凤苑,民泰龙凤苑A区,3室2厅,117.0,,137,11778.0
2023-01-10,山东,淄博,张店区,龙凤苑,民泰龙凤苑A区,3室2厅,150.6,,159,10591.0
2025-09-03,山东,淄博,张店区,龙凤苑,龙喜花苑南区,3室2厅,170.64,,135,7912.0
2025-08-20,山东,淄博,张店区,龙凤苑,龙喜花苑南区,3室2厅,114.52,,102,8907.0
2025-08-10,山东,淄博,张店区,龙凤苑,龙喜花苑南区,3室2厅,118.45,,103,8696.0
2025-06-24,山东,淄博,张店区,龙凤苑,龙喜花苑南区,3室2厅,114.0,,80,7018.0
2025-05-14,山东,淄博,张店区,龙凤苑,龙喜花苑南区,3室2厅,114.17,,105,9197.0
2025-05-03,山东,淄博,张店区,龙凤苑,龙喜花苑南区,3室2厅,134.74,,100,7422.0
2024-08-02,山东,淄博,张店区,龙凤苑,龙喜花苑南区,4室3厅,193.4,,153,7912.0
2023-08-13,山东,淄博,张店区,龙凤苑,龙喜花苑南区,3室2厅,142.47,,171,12003.0
2023-05-07,山东,淄博,张店区,龙凤苑,龙喜花苑南区,3室2厅,114.52,,151,13265.0
2023-04-26,山东,淄博,张店区,龙凤苑,龙喜花苑南区,3室2厅,171.35,,181,10564.0
2025-06-29,山东,淄博,淄川区,,康桥名郡,3室2厅,120.52,,44,3683.0
2025-06-08,山东,淄博,淄川区,,康桥名郡,3室2厅,117.23,,53,4522.0
2024-12-17,山东,淄博,淄川区,,康桥名郡,4室2厅,138.08,,50,3622.0
2024-11-28,山东,淄博,淄川区,,康桥名郡,3室2厅,109.27,,50,4576.0
2024-10-01,山东,淄博,淄川区,,康桥名郡,2室2厅,79.4,,25,3149.0
2024-07-18,山东,淄博,淄川区,,康桥名郡,4室2厅,132.49,,59,4522.0
2024-04-21,山东,淄博,淄川区,,康桥名郡,2室2厅,87.0,,35,4092.0
2023-12-23,山东,淄博,淄川区,,康桥名郡,3室2厅,104.5,,62,5943.0
2023-11-10,山东,淄博,淄川区,,康桥名郡,3室2厅,129.0,,100,7752.0
2023-08-12,山东,淄博,淄川区,,康桥名郡,3室2厅,119.0,,82,6891.0
2023-06-30,山东,淄博,淄川区,,康桥名郡,3室2厅,104.5,,53,5120.0
2023-05-21,山东,淄博,淄川区,,康桥名郡,3室2厅,108.3,,45,4156.0
2023-03-09,山东,淄博,淄川区,,康桥名郡,3室2厅,109.27,,66,6041.0
2023-03-04,山东,淄博,淄川区,,康桥名郡,3室2厅,123.0,,76,6220.0
2023-02-07,山东,淄博,淄川区,,康桥名郡,3室1厅,105.99,,59,5660.0
2025-07-25,山东,淄博,张店区,,橡树黄金城,4室2厅,159.64,,212,13312.0
2025-02-09,山东,淄博,张店区,,橡树黄金城,4室2厅,160.0,,163,10188.0
2024-12-09,山东,淄博,张店区,,橡树黄金城,4室2厅,175.69,,188,10701.0
2024-07-24,山东,淄博,张店区,,橡树黄金城,4室2厅,159.64,,230,14408.0
2025-09-19,山东,淄博,张店区,柳泉中学,齐悦国际花园一期,1室1厅,58.26,,61,10557.0
2025-09-13,山东,淄博,张店区,柳泉中学,齐悦国际花园一期,2室2厅,94.78,,96,10182.0
2025-09-12,山东,淄博,张店区,柳泉中学,齐悦国际花园一期,3室1厅,166.8,,200,11991.0
2025-08-31,山东,淄博,张店区,柳泉中学,齐悦国际花园一期,3室2厅,156.28,,156,9983.0
2025-08-25,山东,淄博,张店区,柳泉中学,齐悦国际花园一期,1室1厅,53.58,,63,11908.0
2025-08-09,山东,淄博,张店区,柳泉中学,齐悦国际花园一期,1室1厅,53.28,,56,10511.0
2025-07-18,山东,淄博,张店区,柳泉中学,齐悦国际花园一期,3室2厅,160.35,,151,9417.0
2025-06-27,山东,淄博,张店区,柳泉中学,齐悦国际花园一期,3室2厅,160.37,,145,9042.0
2025-06-21,山东,淄博,张店区,柳泉中学,齐悦国际花园一期,1室1厅,53.58,,59,11161.0
2025-06-02,山东,淄博,张店区,柳泉中学,齐悦国际花园一期,2室2厅,95.0,,98,10316.0
2025-06-02,山东,淄博,张店区,柳泉中学,齐悦国际花园一期,3室2厅,115.97,,136,11728.0
2025-06-02,山东,淄博,张店区,柳泉中学,齐悦国际花园一期,3室2厅,176.96,,155,8760.0
2025-05-19,山东,淄博,张店区,柳泉中学,齐悦国际花园一期,1室1厅,52.69,,60,11426.0
2025-05-09,山东,淄博,张店区,柳泉中学,齐悦国际花园一期,1室1厅,53.28,,52,9817.0
2025-04-25,山东,淄博,张店区,柳泉中学,齐悦国际花园一期,2室2厅,95.0,,96,10158.0
2025-04-22,山东,淄博,张店区,柳泉中学,齐悦国际花园一期,3室2厅,141.76,,200,14109.0
2025-04-17,山东,淄博,张店区,柳泉中学,齐悦国际花园一期,2室2厅,96.91,,80,8256.0
2025-04-17,山东,淄博,张店区,柳泉中学,齐悦国际花园一期,2室2厅,94.78,,101,10657.0
2025-04-01,山东,淄博,张店区,柳泉中学,齐悦国际花园一期,1室1厅,52.39,,60,11453.0
2025-03-30,山东,淄博,张店区,柳泉中学,齐悦国际花园一期,1室1厅,52.69,,64,12242.0
2025-03-26,山东,淄博,张店区,柳泉中学,齐悦国际花园一期,1室1厅,52.69,,66,12527.0
2025-03-09,山东,淄博,张店区,柳泉中学,齐悦国际花园一期,1室1厅,52.39,,62,11930.0
2025-03-06,山东,淄博,张店区,柳泉中学,齐悦国际花园一期,1室1厅,52.69,,64,12204.0
2025-02-25,山东,淄博,张店区,柳泉中学,齐悦国际花园一期,1室1厅,53.28,,63,11975.0
2025-02-19,山东,淄博,张店区,柳泉中学,齐悦国际花园一期,3室1厅,141.0,,146,10355.0
2025-02-18,山东,淄博,张店区,柳泉中学,齐悦国际花园一期,1室1厅,52.39,,60,11568.0
2025-01-24,山东,淄博,张店区,柳泉中学,齐悦国际花园一期,1室1厅,52.69,,66,12527.0
2025-01-16,山东,淄博,张店区,柳泉中学,齐悦国际花园一期,1室1厅,52.69,,63,12052.0
2025-01-12,山东,淄博,张店区,柳泉中学,齐悦国际花园一期,1室1厅,53.58,,65,12188.0
2025-01-02,山东,淄博,张店区,柳泉中学,齐悦国际花园一期,2室1厅,68.59,,67,9871.0
2024-12-31,山东,淄博,张店区,柳泉中学,齐悦国际花园一期,1室1厅,53.28,,60,11431.0
2024-12-28,山东,淄博,张店区,柳泉中学,齐悦国际花园一期,1室1厅,53.28,,59,11168.0
2024-12-10,山东,淄博,张店区,柳泉中学,齐悦国际花园一期,1室1厅,53.58,,63,11759.0
2024-12-09,山东,淄博,张店区,柳泉中学,齐悦国际花园一期,1室1厅,53.28,,61,11449.0
2024-12-05,山东,淄博,张店区,柳泉中学,齐悦国际花园一期,1室1厅,52.39,,58,11071.0
2024-12-02,山东,淄博,张店区,柳泉中学,齐悦国际花园一期,2室1厅,68.59,,73,10760.0
2024-11-24,山东,淄博,张店区,柳泉中学,齐悦国际花园一期,2室1厅,68.59,,65,9565.0
2024-11-08,山东,淄博,张店区,柳泉中学,齐悦国际花园一期,1室1厅,53.0,,59,11284.0
2024-10-27,山东,淄博,张店区,柳泉中学,齐悦国际花园一期,3室2厅,177.0,,178,10057.0
2024-10-23,山东,淄博,张店区,柳泉中学,齐悦国际花园一期,2室2厅,91.14,,84,9305.0
2024-10-22,山东,淄博,张店区,柳泉中学,齐悦国际花园一期,2室2厅,117.65,,103,8755.0
2024-10-12,山东,淄博,张店区,柳泉中学,齐悦国际花园一期,1室1厅,53.58,,65,12132.0
2024-10-12,山东,淄博,张店区,柳泉中学,齐悦国际花园一期,1室1厅,53.58,,64,12095.0
2024-10-01,山东,淄博,张店区,柳泉中学,齐悦国际花园一期,3室2厅,160.89,,160,9945.0
2024-10-01,山东,淄博,张店区,柳泉中学,齐悦国际花园一期,3室2厅,136.89,,121,8840.0
2024-09-10,山东,淄博,张店区,柳泉中学,齐悦国际花园一期,1室1厅,52.39,,60,11453.0
2024-08-20,山东,淄博,张店区,柳泉中学,齐悦国际花园一期,3室2厅,160.0,,150,9375.0
2024-07-04,山东,淄博,张店区,柳泉中学,齐悦国际花园一期,3室2厅,132.06,,159,12040.0
2024-06-30,山东,淄博,张店区,柳泉中学,齐悦国际花园一期,1室1厅,53.29,,63,11916.0
2024-06-19,山东,淄博,张店区,柳泉中学,齐悦国际花园一期,2室1厅,68.97,,66,9570.0
2024-05-18,山东,淄博,张店区,柳泉中学,齐悦国际花园一期,1室1厅,53.28,,65,12332.0
2024-04-26,山东,淄博,张店区,柳泉中学,齐悦国际花园一期,2室1厅,68.59,,75,10935.0
2024-04-26,山东,淄博,张店区,柳泉中学,齐悦国际花园一期,1室1厅,53.58,,69,12878.0
2024-04-22,山东,淄博,张店区,柳泉中学,齐悦国际花园一期,1室1厅,58.26,,72,12496.0
2024-04-13,山东,淄博,张店区,柳泉中学,齐悦国际花园一期,1室1厅,53.28,,64,12144.0
2024-04-05,山东,淄博,张店区,柳泉中学,齐悦国际花园一期,2室2厅,94.78,,113,11923.0
2024-04-03,山东,淄博,张店区,柳泉中学,齐悦国际花园一期,2室1厅,68.59,,78,11372.0
2024-03-24,山东,淄博,张店区,柳泉中学,齐悦国际花园一期,3室2厅,117.65,,115,9826.0
2024-03-17,山东,淄博,张店区,柳泉中学,齐悦国际花园一期,1室1厅,52.39,,64,12293.0
2024-03-12,山东,淄博,张店区,柳泉中学,齐悦国际花园一期,1室1厅,53.58,,68,12692.0
2024-03-11,山东,淄博,张店区,柳泉中学,齐悦国际花园一期,1室1厅,52.39,,65,12503.0
2024-02-26,山东,淄博,张店区,柳泉中学,齐悦国际花园一期,1室1厅,52.69,,65,12337.0
2024-02-20,山东,淄博,张店区,柳泉中学,齐悦国际花园一期,2室2厅,84.58,,108,12769.0
2024-02-03,山东,淄博,张店区,柳泉中学,齐悦国际花园一期,2室1厅,68.59,,77,11227.0
2024-01-31,山东,淄博,张店区,柳泉中学,齐悦国际花园一期,3室2厅,117.65,,116,9860.0
2024-01-16,山东,淄博,张店区,柳泉中学,齐悦国际花园一期,3室2厅,125.0,,175,14000.0
2024-01-10,山东,淄博,张店区,柳泉中学,齐悦国际花园一期,1室1厅,53.58,,64,12095.0
2024-01-10,山东,淄博,张店区,柳泉中学,齐悦国际花园一期,1室1厅,53.0,,69,13170.0
2023-12-02,山东,淄博,张店区,柳泉中学,齐悦国际花园一期,1室1厅,52.69,,67,12773.0
2023-11-18,山东,淄博,张店区,柳泉中学,齐悦国际花园一期,1室1厅,53.58,,65,12225.0
2023-11-03,山东,淄博,张店区,柳泉中学,齐悦国际花园一期,2室2厅,95.0,,119,12527.0
2023-10-29,山东,淄博,张店区,柳泉中学,齐悦国际花园一期,3室2厅,124.98,,185,14803.0
2023-09-22,山东,淄博,张店区,柳泉中学,齐悦国际花园一期,2室1厅,68.59,,75,10964.0
2023-09-22,山东,淄博,张店区,柳泉中学,齐悦国际花园一期,2室1厅,68.59,,77,11227.0
2023-08-26,山东,淄博,张店区,柳泉中学,齐悦国际花园一期,2室2厅,113.23,,115,10157.0
2023-07-09,山东,淄博,张店区,柳泉中学,齐悦国际花园一期,2室1厅,68.59,,80,11737.0
2023-07-02,山东,淄博,张店区,柳泉中学,齐悦国际花园一期,1室1厅,53.58,,71,13252.0
2023-06-25,山东,淄博,张店区,柳泉中学,齐悦国际花园一期,1室1厅,52.69,,64,12242.0
2023-06-24,山东,淄博,张店区,柳泉中学,齐悦国际花园一期,3室2厅,167.0,,278,16647.0
2023-06-22,山东,淄博,张店区,柳泉中学,齐悦国际花园一期,2室1厅,68.59,,83,12101.0
2023-06-10,山东,淄博,张店区,柳泉中学,齐悦国际花园一期,2室2厅,96.91,,101,10505.0
2023-06-04,山东,淄博,张店区,柳泉中学,齐悦国际花园一期,1室1厅,52.69,,70,13286.0
2023-05-29,山东,淄博,张店区,柳泉中学,齐悦国际花园一期,2室1厅,91.14,,105,11576.0
2023-05-03,山东,淄博,张店区,柳泉中学,齐悦国际花园一期,2室2厅,85.0,,122,14353.0
2023-04-30,山东,淄博,张店区,柳泉中学,齐悦国际花园一期,1室1厅,52.39,,65,12407.0
2023-04-17,山东,淄博,张店区,柳泉中学,齐悦国际花园一期,2室1厅,91.0,,107,11814.0
2023-04-12,山东,淄博,张店区,柳泉中学,齐悦国际花园一期,2室2厅,84.58,,103,12237.0
2023-04-12,山东,淄博,张店区,柳泉中学,齐悦国际花园一期,2室2厅,94.78,,121,12820.0
2023-04-08,山东,淄博,张店区,柳泉中学,齐悦国际花园一期,1室1厅,53.0,,62,11699.0
2023-04-06,山东,淄博,张店区,柳泉中学,齐悦国际花园一期,2室2厅,113.23,,131,11570.0
2023-04-06,山东,淄博,张店区,柳泉中学,齐悦国际花园一期,3室2厅,153.62,,190,12369.0
2023-04-05,山东,淄博,张店区,柳泉中学,齐悦国际花园一期,3室2厅,115.97,,142,12288.0
2023-03-29,山东,淄博,张店区,柳泉中学,齐悦国际花园一期,3室2厅,176.96,,220,12433.0
2023-03-19,山东,淄博,张店区,柳泉中学,齐悦国际花园一期,2室2厅,94.78,,121,12767.0
2023-03-15,山东,淄博,张店区,柳泉中学,齐悦国际花园一期,2室1厅,68.59,,69,10060.0
2023-03-07,山东,淄博,张店区,柳泉中学,齐悦国际花园一期,,53.29,,66,12386.0
2023-03-04,山东,淄博,张店区,柳泉中学,齐悦国际花园一期,2室2厅,115.4,,158,13692.0
2023-02-12,山东,淄博,张店区,柳泉中学,齐悦国际花园一期,3室2厅,135.0,,180,13334.0
2023-02-07,山东,淄博,张店区,柳泉中学,齐悦国际花园一期,1室1厅,53.58,,70,13065.0
2023-02-05,山东,淄博,张店区,柳泉中学,齐悦国际花园一期,2室2厅,94.78,,116,12292.0
2023-01-17,山东,淄博,张店区,柳泉中学,齐悦国际花园一期,1室1厅,53.58,,68,12692.0
2023-01-17,山东,淄博,张店区,柳泉中学,齐悦国际花园一期,2室2厅,115.0,,135,11740.0
2023-01-08,山东,淄博,张店区,柳泉中学,齐悦国际花园一期,3室2厅,165.45,,215,12995.0
2023-01-05,山东,淄博,张店区,柳泉中学,齐悦国际花园一期,1室1厅,52.69,,68,13058.0
2025-09-19,山东,淄博,张店区,柳泉中学,齐悦国际花园一期,1室1厅,58.26,,61,10557.0
2025-09-13,山东,淄博,张店区,柳泉中学,齐悦国际花园一期,2室2厅,94.78,,96,10182.0
2025-09-12,山东,淄博,张店区,柳泉中学,齐悦国际花园一期,3室1厅,166.8,,200,11991.0
2025-08-31,山东,淄博,张店区,柳泉中学,齐悦国际花园一期,3室2厅,156.28,,156,9983.0
2025-08-25,山东,淄博,张店区,柳泉中学,齐悦国际花园一期,1室1厅,53.58,,63,11908.0
2025-08-09,山东,淄博,张店区,柳泉中学,齐悦国际花园一期,1室1厅,53.28,,56,10511.0
2025-07-18,山东,淄博,张店区,柳泉中学,齐悦国际花园一期,3室2厅,160.35,,151,9417.0
2025-06-27,山东,淄博,张店区,柳泉中学,齐悦国际花园一期,3室2厅,160.37,,145,9042.0
2025-06-21,山东,淄博,张店区,柳泉中学,齐悦国际花园一期,1室1厅,53.58,,59,11161.0
2025-06-02,山东,淄博,张店区,柳泉中学,齐悦国际花园一期,2室2厅,95.0,,98,10316.0
2025-06-02,山东,淄博,张店区,柳泉中学,齐悦国际花园一期,3室2厅,115.97,,136,11728.0
2025-06-02,山东,淄博,张店区,柳泉中学,齐悦国际花园一期,3室2厅,176.96,,155,8760.0
2025-05-19,山东,淄博,张店区,柳泉中学,齐悦国际花园一期,1室1厅,52.69,,60,11426.0
2025-05-09,山东,淄博,张店区,柳泉中学,齐悦国际花园一期,1室1厅,53.28,,52,9817.0
2025-04-25,山东,淄博,张店区,柳泉中学,齐悦国际花园一期,2室2厅,95.0,,96,10158.0
2025-04-22,山东,淄博,张店区,柳泉中学,齐悦国际花园一期,3室2厅,141.76,,200,14109.0
2025-04-17,山东,淄博,张店区,柳泉中学,齐悦国际花园一期,2室2厅,96.91,,80,8256.0
2025-04-17,山东,淄博,张店区,柳泉中学,齐悦国际花园一期,2室2厅,94.78,,101,10657.0
2025-04-01,山东,淄博,张店区,柳泉中学,齐悦国际花园一期,1室1厅,52.39,,60,11453.0
2025-03-30,山东,淄博,张店区,柳泉中学,齐悦国际花园一期,1室1厅,52.69,,64,12242.0
2025-03-26,山东,淄博,张店区,柳泉中学,齐悦国际花园一期,1室1厅,52.69,,66,12527.0
2025-03-09,山东,淄博,张店区,柳泉中学,齐悦国际花园一期,1室1厅,52.39,,62,11930.0
2025-03-06,山东,淄博,张店区,柳泉中学,齐悦国际花园一期,1室1厅,52.69,,64,12204.0
2025-02-25,山东,淄博,张店区,柳泉中学,齐悦国际花园一期,1室1厅,53.28,,63,11975.0
2025-02-19,山东,淄博,张店区,柳泉中学,齐悦国际花园一期,3室1厅,141.0,,146,10355.0
2025-02-18,山东,淄博,张店区,柳泉中学,齐悦国际花园一期,1室1厅,52.39,,60,11568.0
2025-01-24,山东,淄博,张店区,柳泉中学,齐悦国际花园一期,1室1厅,52.69,,66,12527.0
2025-01-16,山东,淄博,张店区,柳泉中学,齐悦国际花园一期,1室1厅,52.69,,63,12052.0
2025-01-12,山东,淄博,张店区,柳泉中学,齐悦国际花园一期,1室1厅,53.58,,65,12188.0
2025-01-02,山东,淄博,张店区,柳泉中学,齐悦国际花园一期,2室1厅,68.59,,67,9871.0
2024-12-31,山东,淄博,张店区,柳泉中学,齐悦国际花园一期,1室1厅,53.28,,60,11431.0
2024-12-28,山东,淄博,张店区,柳泉中学,齐悦国际花园一期,1室1厅,53.28,,59,11168.0
2024-12-10,山东,淄博,张店区,柳泉中学,齐悦国际花园一期,1室1厅,53.58,,63,11759.0
2024-12-09,山东,淄博,张店区,柳泉中学,齐悦国际花园一期,1室1厅,53.28,,61,11449.0
2024-12-05,山东,淄博,张店区,柳泉中学,齐悦国际花园一期,1室1厅,52.39,,58,11071.0
2024-12-02,山东,淄博,张店区,柳泉中学,齐悦国际花园一期,2室1厅,68.59,,73,10760.0
2024-11-24,山东,淄博,张店区,柳泉中学,齐悦国际花园一期,2室1厅,68.59,,65,9565.0
2024-11-08,山东,淄博,张店区,柳泉中学,齐悦国际花园一期,1室1厅,53.0,,59,11284.0
2024-10-27,山东,淄博,张店区,柳泉中学,齐悦国际花园一期,3室2厅,177.0,,178,10057.0
2024-10-23,山东,淄博,张店区,柳泉中学,齐悦国际花园一期,2室2厅,91.14,,84,9305.0
2024-10-22,山东,淄博,张店区,柳泉中学,齐悦国际花园一期,2室2厅,117.65,,103,8755.0
2024-10-12,山东,淄博,张店区,柳泉中学,齐悦国际花园一期,1室1厅,53.58,,65,12132.0
2024-10-12,山东,淄博,张店区,柳泉中学,齐悦国际花园一期,1室1厅,53.58,,64,12095.0
2024-10-01,山东,淄博,张店区,柳泉中学,齐悦国际花园一期,3室2厅,160.89,,160,9945.0
2024-10-01,山东,淄博,张店区,柳泉中学,齐悦国际花园一期,3室2厅,136.89,,121,8840.0
2024-09-10,山东,淄博,张店区,柳泉中学,齐悦国际花园一期,1室1厅,52.39,,60,11453.0
2024-08-20,山东,淄博,张店区,柳泉中学,齐悦国际花园一期,3室2厅,160.0,,150,9375.0
2024-07-04,山东,淄博,张店区,柳泉中学,齐悦国际花园一期,3室2厅,132.06,,159,12040.0
2024-06-30,山东,淄博,张店区,柳泉中学,齐悦国际花园一期,1室1厅,53.29,,63,11916.0
2024-06-19,山东,淄博,张店区,柳泉中学,齐悦国际花园一期,2室1厅,68.97,,66,9570.0
2024-05-18,山东,淄博,张店区,柳泉中学,齐悦国际花园一期,1室1厅,53.28,,65,12332.0
2024-04-26,山东,淄博,张店区,柳泉中学,齐悦国际花园一期,2室1厅,68.59,,75,10935.0
2024-04-26,山东,淄博,张店区,柳泉中学,齐悦国际花园一期,1室1厅,53.58,,69,12878.0
2024-04-22,山东,淄博,张店区,柳泉中学,齐悦国际花园一期,1室1厅,58.26,,72,12496.0
2024-04-13,山东,淄博,张店区,柳泉中学,齐悦国际花园一期,1室1厅,53.28,,64,12144.0
2024-04-05,山东,淄博,张店区,柳泉中学,齐悦国际花园一期,2室2厅,94.78,,113,11923.0
2024-04-03,山东,淄博,张店区,柳泉中学,齐悦国际花园一期,2室1厅,68.59,,78,11372.0
2024-03-24,山东,淄博,张店区,柳泉中学,齐悦国际花园一期,3室2厅,117.65,,115,9826.0
2024-03-17,山东,淄博,张店区,柳泉中学,齐悦国际花园一期,1室1厅,52.39,,64,12293.0
2024-03-12,山东,淄博,张店区,柳泉中学,齐悦国际花园一期,1室1厅,53.58,,68,12692.0
2024-03-11,山东,淄博,张店区,柳泉中学,齐悦国际花园一期,1室1厅,52.39,,65,12503.0
2024-02-26,山东,淄博,张店区,柳泉中学,齐悦国际花园一期,1室1厅,52.69,,65,12337.0
2024-02-20,山东,淄博,张店区,柳泉中学,齐悦国际花园一期,2室2厅,84.58,,108,12769.0
2024-02-03,山东,淄博,张店区,柳泉中学,齐悦国际花园一期,2室1厅,68.59,,77,11227.0
2024-01-31,山东,淄博,张店区,柳泉中学,齐悦国际花园一期,3室2厅,117.65,,116,9860.0
2024-01-16,山东,淄博,张店区,柳泉中学,齐悦国际花园一期,3室2厅,125.0,,175,14000.0
2024-01-10,山东,淄博,张店区,柳泉中学,齐悦国际花园一期,1室1厅,53.58,,64,12095.0
2024-01-10,山东,淄博,张店区,柳泉中学,齐悦国际花园一期,1室1厅,53.0,,69,13170.0
2023-12-02,山东,淄博,张店区,柳泉中学,齐悦国际花园一期,1室1厅,52.69,,67,12773.0
2023-11-18,山东,淄博,张店区,柳泉中学,齐悦国际花园一期,1室1厅,53.58,,65,12225.0
2023-11-03,山东,淄博,张店区,柳泉中学,齐悦国际花园一期,2室2厅,95.0,,119,12527.0
2023-10-29,山东,淄博,张店区,柳泉中学,齐悦国际花园一期,3室2厅,124.98,,185,14803.0
2023-09-22,山东,淄博,张店区,柳泉中学,齐悦国际花园一期,2室1厅,68.59,,75,10964.0
2023-09-22,山东,淄博,张店区,柳泉中学,齐悦国际花园一期,2室1厅,68.59,,77,11227.0
2023-08-26,山东,淄博,张店区,柳泉中学,齐悦国际花园一期,2室2厅,113.23,,115,10157.0
2023-07-09,山东,淄博,张店区,柳泉中学,齐悦国际花园一期,2室1厅,68.59,,80,11737.0
2023-07-02,山东,淄博,张店区,柳泉中学,齐悦国际花园一期,1室1厅,53.58,,71,13252.0
2023-06-25,山东,淄博,张店区,柳泉中学,齐悦国际花园一期,1室1厅,52.69,,64,12242.0
2023-06-24,山东,淄博,张店区,柳泉中学,齐悦国际花园一期,3室2厅,167.0,,278,16647.0
2023-06-22,山东,淄博,张店区,柳泉中学,齐悦国际花园一期,2室1厅,68.59,,83,12101.0
2023-06-10,山东,淄博,张店区,柳泉中学,齐悦国际花园一期,2室2厅,96.91,,101,10505.0
2023-06-04,山东,淄博,张店区,柳泉中学,齐悦国际花园一期,1室1厅,52.69,,70,13286.0
2023-05-29,山东,淄博,张店区,柳泉中学,齐悦国际花园一期,2室1厅,91.14,,105,11576.0
2023-05-03,山东,淄博,张店区,柳泉中学,齐悦国际花园一期,2室2厅,85.0,,122,14353.0
2023-04-30,山东,淄博,张店区,柳泉中学,齐悦国际花园一期,1室1厅,52.39,,65,12407.0
2023-04-17,山东,淄博,张店区,柳泉中学,齐悦国际花园一期,2室1厅,91.0,,107,11814.0
2023-04-12,山东,淄博,张店区,柳泉中学,齐悦国际花园一期,2室2厅,84.58,,103,12237.0
2023-04-12,山东,淄博,张店区,柳泉中学,齐悦国际花园一期,2室2厅,94.78,,121,12820.0
2023-04-08,山东,淄博,张店区,柳泉中学,齐悦国际花园一期,1室1厅,53.0,,62,11699.0
2023-04-06,山东,淄博,张店区,柳泉中学,齐悦国际花园一期,2室2厅,113.23,,131,11570.0
2023-04-06,山东,淄博,张店区,柳泉中学,齐悦国际花园一期,3室2厅,153.62,,190,12369.0
2023-04-05,山东,淄博,张店区,柳泉中学,齐悦国际花园一期,3室2厅,115.97,,142,12288.0
2023-03-29,山东,淄博,张店区,柳泉中学,齐悦国际花园一期,3室2厅,176.96,,220,12433.0
2023-03-19,山东,淄博,张店区,柳泉中学,齐悦国际花园一期,2室2厅,94.78,,121,12767.0
2023-03-15,山东,淄博,张店区,柳泉中学,齐悦国际花园一期,2室1厅,68.59,,69,10060.0
2023-03-07,山东,淄博,张店区,柳泉中学,齐悦国际花园一期,,53.29,,66,12386.0
2023-03-04,山东,淄博,张店区,柳泉中学,齐悦国际花园一期,2室2厅,115.4,,158,13692.0
2023-02-12,山东,淄博,张店区,柳泉中学,齐悦国际花园一期,3室2厅,135.0,,180,13334.0
2023-02-07,山东,淄博,张店区,柳泉中学,齐悦国际花园一期,1室1厅,53.58,,70,13065.0
2023-02-05,山东,淄博,张店区,柳泉中学,齐悦国际花园一期,2室2厅,94.78,,116,12292.0
2023-01-17,山东,淄博,张店区,柳泉中学,齐悦国际花园一期,1室1厅,53.58,,68,12692.0
2023-01-17,山东,淄博,张店区,柳泉中学,齐悦国际花园一期,2室2厅,115.0,,135,11740.0
2023-01-08,山东,淄博,张店区,柳泉中学,齐悦国际花园一期,3室2厅,165.45,,215,12995.0
2023-01-05,山东,淄博,张店区,柳泉中学,齐悦国际花园一期,1室1厅,52.69,,68,13058.0
2025-06-29,山东,淄博,张店区,龙凤苑,城南壹号,3室2厅,137.04,,102,7444.0
2025-06-04,山东,淄博,张店区,龙凤苑,城南壹号,3室2厅,128.13,,87,6790.0
2025-04-25,山东,淄博,张店区,龙凤苑,城南壹号,4室2厅,147.0,,103,7007.0
2025-03-18,山东,淄博,张店区,龙凤苑,城南壹号,4室2厅,147.71,,103,7007.0
2024-12-26,山东,淄博,张店区,龙凤苑,城南壹号,4室2厅,138.48,,103,7475.0
2024-10-01,山东,淄博,张店区,龙凤苑,城南壹号,3室2厅,137.04,,110,8027.0
2024-08-29,山东,淄博,张店区,龙凤苑,城南壹号,3室2厅,133.0,,109,8196.0
2024-07-16,山东,淄博,张店区,龙凤苑,城南壹号,4室2厅,148.0,,113,7690.0
2024-06-22,山东,淄博,张店区,龙凤苑,城南壹号,3室2厅,137.04,,102,7444.0
2024-04-17,山东,淄博,张店区,龙凤苑,城南壹号,3室2厅,137.0,,110,8088.0
2024-01-09,山东,淄博,张店区,龙凤苑,城南壹号,3室2厅,133.08,,103,7740.0
2023-06-03,山东,淄博,张店区,龙凤苑,城南壹号,3室2厅,137.0,,101,7431.0
2023-03-03,山东,淄博,张店区,龙凤苑,城南壹号,3室2厅,122.28,,118,9650.0
2023-02-22,山东,淄博,张店区,龙凤苑,城南壹号,4室2厅,139.0,,106,7626.0
2023-02-19,山东,淄博,张店区,龙凤苑,城南壹号,4室2厅,138.42,,122,8814.0
2023-02-18,山东,淄博,张店区,龙凤苑,城南壹号,3室2厅,134.0,,110,8209.0
2025-06-15,山东,淄博,桓台县,红莲湖,橡树玫瑰城,3室2厅,124.0,,91,7380.0
2024-10-01,山东,淄博,桓台县,红莲湖,橡树玫瑰城,3室2厅,124.48,,107,8596.0
2024-03-04,山东,淄博,桓台县,红莲湖,橡树玫瑰城,3室2厅,126.63,,120,9477.0
2025-08-05,山东,淄博,张店区,莲池小学,黄金国际,1室1厅,66.17,,41,6197.0
2025-07-21,山东,淄博,张店区,莲池小学,黄金国际,3室2厅,138.94,,95,6860.0
2025-07-14,山东,淄博,张店区,莲池小学,黄金国际,2室2厅,102.74,,50,4867.0
2025-07-11,山东,淄博,张店区,莲池小学,黄金国际,2室2厅,96.83,,75,7746.0
2025-07-10,山东,淄博,张店区,莲池小学,黄金国际,3室2厅,133.78,,150,11213.0
2025-06-29,山东,淄博,张店区,莲池小学,黄金国际,2室1厅,74.0,,41,5636.0
2025-06-26,山东,淄博,张店区,莲池小学,黄金国际,2室2厅,101.4,,74,7348.0
2025-06-21,山东,淄博,张店区,莲池小学,黄金国际,3室2厅,150.59,,111,7372.0
2025-06-13,山东,淄博,张店区,莲池小学,黄金国际,3室2厅,157.22,,136,8702.0
2025-06-12,山东,淄博,张店区,莲池小学,黄金国际,2室2厅,112.69,,68,6079.0
2025-06-11,山东,淄博,张店区,莲池小学,黄金国际,3室2厅,134.63,,103,7651.0
2025-06-09,山东,淄博,张店区,莲池小学,黄金国际,1室2厅,66.0,,45,6849.0
2025-05-24,山东,淄博,张店区,莲池小学,黄金国际,1室1厅,48.09,,30,6405.0
2025-05-10,山东,淄博,张店区,莲池小学,黄金国际,3室2厅,150.59,,118,7870.0
2025-05-03,山东,淄博,张店区,莲池小学,黄金国际,3室2厅,152.5,,123,8066.0
2025-04-17,山东,淄博,张店区,莲池小学,黄金国际,3室2厅,154.0,,115,7500.0
2025-04-15,山东,淄博,张店区,莲池小学,黄金国际,3室2厅,121.0,,101,8389.0
2025-04-14,山东,淄博,张店区,莲池小学,黄金国际,2室2厅,102.0,,75,7353.0
2025-03-25,山东,淄博,张店区,莲池小学,黄金国际,1室1厅,47.5,,32,6737.0
2025-02-20,山东,淄博,张店区,莲池小学,黄金国际,1室1厅,50.18,,30,6059.0
2025-01-21,山东,淄博,张店区,莲池小学,黄金国际,1室1厅,50.0,,60,12000.0
2025-01-12,山东,淄博,张店区,莲池小学,黄金国际,1室2厅,67.0,,50,7463.0
2024-12-20,山东,淄博,张店区,莲池小学,黄金国际,1室1厅,67.1,,45,6752.0
2024-12-15,山东,淄博,张店区,莲池小学,黄金国际,1室1厅,48.09,,33,6967.0
2024-11-22,山东,淄博,张店区,莲池小学,黄金国际,3室2厅,134.2,,110,8197.0
2024-11-20,山东,淄博,张店区,莲池小学,黄金国际,3室2厅,133.88,,109,8142.0
2024-11-03,山东,淄博,张店区,莲池小学,黄金国际,3室2厅,149.61,,120,8021.0
2024-10-24,山东,淄博,张店区,莲池小学,黄金国际,2室2厅,110.34,,76,6888.0
2024-10-17,山东,淄博,张店区,莲池小学,黄金国际,3室1厅,149.5,,130,8696.0
2024-10-11,山东,淄博,张店区,莲池小学,黄金国际,2室1厅,73.76,,51,6996.0
2024-10-04,山东,淄博,张店区,莲池小学,黄金国际,2室2厅,98.95,,67,6822.0
2024-10-01,山东,淄博,张店区,莲池小学,黄金国际,2室2厅,107.27,,93,8670.0
2024-09-11,山东,淄博,张店区,莲池小学,黄金国际,3室2厅,133.33,,111,8326.0
2024-09-06,山东,淄博,张店区,莲池小学,黄金国际,2室2厅,109.31,,75,6889.0
2024-08-25,山东,淄博,张店区,莲池小学,黄金国际,1室1厅,67.33,,39,5793.0
2024-08-13,山东,淄博,张店区,莲池小学,黄金国际,1室1厅,47.53,,33,7049.0
2024-07-21,山东,淄博,张店区,莲池小学,黄金国际,2室2厅,106.42,,83,7892.0
2024-07-13,山东,淄博,张店区,莲池小学,黄金国际,2室2厅,92.77,,75,8085.0
2024-06-30,山东,淄博,张店区,莲池小学,黄金国际,2室2厅,96.0,,72,7500.0
2024-06-28,山东,淄博,张店区,莲池小学,黄金国际,1室1厅,47.53,,36,7617.0
2024-06-17,山东,淄博,张店区,莲池小学,黄金国际,2室2厅,111.01,,75,6757.0
2024-06-07,山东,淄博,张店区,莲池小学,黄金国际,3室2厅,152.5,,136,8919.0
2024-06-04,山东,淄博,张店区,莲池小学,黄金国际,3室2厅,144.5,,126,8720.0
2024-05-25,山东,淄博,张店区,莲池小学,黄金国际,2室2厅,101.96,,76,7503.0
2024-05-19,山东,淄博,张店区,莲池小学,黄金国际,3室2厅,139.0,,128,9209.0
2024-05-07,山东,淄博,张店区,莲池小学,黄金国际,3室2厅,121.32,,89,7402.0
2024-04-17,山东,淄博,张店区,莲池小学,黄金国际,1室1厅,71.0,,60,8451.0
2024-04-12,山东,淄博,张店区,莲池小学,黄金国际,1室1厅,48.09,,36,7486.0
2024-03-28,山东,淄博,张店区,莲池小学,黄金国际,2室2厅,112.96,,86,7685.0
2024-03-27,山东,淄博,张店区,莲池小学,黄金国际,2室2厅,100.1,,80,8042.0
2024-03-06,山东,淄博,张店区,莲池小学,黄金国际,2室2厅,108.32,,81,7478.0
2024-01-30,山东,淄博,张店区,莲池小学,黄金国际,1室2厅,67.1,,53,8033.0
2023-12-07,山东,淄博,张店区,莲池小学,黄金国际,3室2厅,117.37,,96,8180.0
2023-11-04,山东,淄博,张店区,莲池小学,黄金国际,3室2厅,135.54,,125,9223.0
2023-10-21,山东,淄博,张店区,莲池小学,黄金国际,2室1厅,107.27,,89,8344.0
2023-10-15,山东,淄博,张店区,莲池小学,黄金国际,1室1厅,79.25,,56,7067.0
2023-10-09,山东,淄博,张店区,莲池小学,黄金国际,1室1厅,75.0,,58,7734.0
2023-09-26,山东,淄博,张店区,莲池小学,黄金国际,1室2厅,66.17,,57,8736.0
2023-09-24,山东,淄博,张店区,莲池小学,黄金国际,3室1厅,125.0,,91,7280.0
2023-09-23,山东,淄博,张店区,莲池小学,黄金国际,2室2厅,92.86,,100,10769.0
2023-09-08,山东,淄博,张店区,莲池小学,黄金国际,2室2厅,68.0,,35,5221.0
2023-09-06,山东,淄博,张店区,莲池小学,黄金国际,2室2厅,101.59,,83,8171.0
2023-08-26,山东,淄博,张店区,莲池小学,黄金国际,1室1厅,67.0,,53,7986.0
2023-08-06,山东,淄博,张店区,莲池小学,黄金国际,2室2厅,112.0,,87,7768.0
2023-08-05,山东,淄博,张店区,莲池小学,黄金国际,2室2厅,110.07,,94,8568.0
2023-05-25,山东,淄博,张店区,莲池小学,黄金国际,1室1厅,66.17,,57,8720.0
2023-05-05,山东,淄博,张店区,莲池小学,黄金国际,2室2厅,93.0,,85,9140.0
2023-05-03,山东,淄博,张店区,莲池小学,黄金国际,1室2厅,66.17,,55,8433.0
2023-04-09,山东,淄博,张店区,莲池小学,黄金国际,2室2厅,112.0,,94,8420.0
2023-03-11,山东,淄博,张店区,莲池小学,黄金国际,4室2厅,166.92,,125,7489.0
2023-02-28,山东,淄博,张店区,莲池小学,黄金国际,2室2厅,92.86,,88,9563.0
2023-02-14,山东,淄博,张店区,莲池小学,黄金国际,2室2厅,102.74,,67,6522.0
2023-01-27,山东,淄博,张店区,莲池小学,黄金国际,3室2厅,135.0,,156,11556.0
2023-01-14,山东,淄博,张店区,莲池小学,黄金国际,3室2厅,150.0,,151,10067.0
2025-09-14,山东,淄博,张店区,,金地华著,3室2厅,141.71,,208,14678.0
2025-05-02,山东,淄博,张店区,,金地华著,3室2厅,141.6,,177,12500.0
2025-04-30,山东,淄博,张店区,,金地华著,4室2厅,184.0,,272,14783.0
2024-10-01,山东,淄博,高新区,银泰城,一诺阳光佳园,3室2厅,97.0,,51,5258.0
2025-09-05,山东,淄博,经开区,其他,淄博碧桂园,5室2厅,260.0,,318,12231.0
2025-09-04,山东,淄博,经开区,其他,淄博碧桂园,4室3厅,260.0,,320,12308.0
2025-07-28,山东,淄博,经开区,其他,淄博碧桂园,2室2厅,92.0,,45,4892.0
2025-06-07,山东,淄博,经开区,其他,淄博碧桂园,3室2厅,126.0,,62,4921.0
2025-03-31,山东,淄博,经开区,其他,淄博碧桂园,3室2厅,141.44,,70,4985.0
2025-02-28,山东,淄博,经开区,其他,淄博碧桂园,3室2厅,137.0,,64,4730.0
2025-01-04,山东,淄博,经开区,其他,淄博碧桂园,2室2厅,92.0,,42,4631.0
2024-11-18,山东,淄博,经开区,其他,淄博碧桂园,3室2厅,141.0,,70,4965.0
2024-10-01,山东,淄博,经开区,其他,淄博碧桂园,2室1厅,92.09,,53,5756.0
2024-04-10,山东,淄博,经开区,其他,淄博碧桂园,3室2厅,132.0,,80,6061.0
2024-03-22,山东,淄博,经开区,其他,淄博碧桂园,3室2厅,99.0,,58,5859.0
2023-11-11,山东,淄博,经开区,其他,淄博碧桂园,3室2厅,97.0,,45,4722.0
2023-08-02,山东,淄博,经开区,其他,淄博碧桂园,4室2厅,151.95,,89,5858.0
2023-06-13,山东,淄博,经开区,其他,淄博碧桂园,5室2厅,260.0,,237,9135.0
2023-05-18,山东,淄博,经开区,其他,淄博碧桂园,3室2厅,101.0,,71,7060.0
2023-04-22,山东,淄博,经开区,其他,淄博碧桂园,3室2厅,123.0,,81,6627.0
2023-04-20,山东,淄博,经开区,其他,淄博碧桂园,4室2厅,147.95,,91,6185.0
2023-03-12,山东,淄博,经开区,其他,淄博碧桂园,3室2厅,125.0,,98,7863.0
2023-03-10,山东,淄博,经开区,其他,淄博碧桂园,4室2厅,157.0,,177,11274.0
2025-09-10,山东,淄博,张店区,其他,新东升福园,2室2厅,80.18,,59,7359.0
2025-08-21,山东,淄博,张店区,其他,新东升福园,3室2厅,137.15,,131,9574.0
2025-08-04,山东,淄博,张店区,其他,新东升福园,2室1厅,80.0,,77,9625.0
2025-07-12,山东,淄博,张店区,其他,新东升福园,3室1厅,135.76,,158,11639.0
2025-07-04,山东,淄博,张店区,其他,新东升福园,1室1厅,31.92,,41,12845.0
2025-06-29,山东,淄博,张店区,其他,新东升福园,3室2厅,135.01,,132,9800.0
2025-06-25,山东,淄博,张店区,其他,新东升福园,3室2厅,141.0,,156,11064.0
2025-06-22,山东,淄博,张店区,其他,新东升福园,3室2厅,134.11,,153,11409.0
2025-06-18,山东,淄博,张店区,其他,新东升福园,3室2厅,122.86,,115,9369.0
2025-06-03,山东,淄博,张店区,其他,新东升福园,4室2厅,166.55,,184,11096.0
2025-05-08,山东,淄博,张店区,其他,新东升福园,4室1厅,168.82,,211,12546.0
2025-05-01,山东,淄博,张店区,其他,新东升福园,3室2厅,94.7,,117,12408.0
2025-04-13,山东,淄博,张店区,其他,新东升福园,2室1厅,94.0,,105,11171.0
2025-04-13,山东,淄博,张店区,其他,新东升福园,3室2厅,110.0,,118,10782.0
2025-04-08,山东,淄博,张店区,其他,新东升福园,1室1厅,50.57,,53,10580.0
2024-12-22,山东,淄博,张店区,其他,新东升福园,3室1厅,110.46,,125,11371.0
2024-12-07,山东,淄博,张店区,其他,新东升福园,,32.5,,44,13785.0
2024-10-17,山东,淄博,张店区,其他,新东升福园,3室2厅,129.0,,145,11241.0
2024-10-10,山东,淄博,张店区,其他,新东升福园,1室1厅,31.92,,46,14568.0
2024-10-01,山东,淄博,张店区,其他,新东升福园,3室2厅,124.58,,113,9071.0
2024-09-06,山东,淄博,张店区,其他,新东升福园,1室1厅,32.75,,46,14077.0
2024-08-04,山东,淄博,张店区,其他,新东升福园,3室2厅,101.0,,113,11189.0
2024-07-27,山东,淄博,张店区,其他,新东升福园,2室2厅,98.93,,115,11675.0
2024-07-06,山东,淄博,张店区,其他,新东升福园,1室1厅,50.0,,53,10700.0
2024-06-10,山东,淄博,张店区,其他,新东升福园,2室2厅,78.9,,83,10520.0
2024-05-19,山东,淄博,张店区,其他,新东升福园,3室2厅,88.64,,95,10718.0
2024-05-13,山东,淄博,张店区,其他,新东升福园,3室2厅,110.46,,148,13399.0
2024-04-23,山东,淄博,张店区,其他,新东升福园,3室1厅,88.6,,102,11513.0
2024-04-17,山东,淄博,张店区,其他,新东升福园,,33.15,,46,14058.0
2024-04-17,山东,淄博,张店区,其他,新东升福园,3室2厅,108.7,,100,9246.0
2024-03-24,山东,淄博,张店区,其他,新东升福园,,33.0,,46,14061.0
2024-02-26,山东,淄博,张店区,其他,新东升福园,1室1厅,33.0,,45,13637.0
2024-02-26,山东,淄博,张店区,其他,新东升福园,1室1厅,33.0,,45,13910.0
2024-02-24,山东,淄博,张店区,其他,新东升福园,3室2厅,127.43,,156,12243.0
2024-02-17,山东,淄博,张店区,其他,新东升福园,2室2厅,88.64,,101,11496.0
2023-12-26,山东,淄博,张店区,其他,新东升福园,3室2厅,126.43,,138,10955.0
2023-12-15,山东,淄博,张店区,其他,新东升福园,3室2厅,124.36,,115,9248.0
2023-12-03,山东,淄博,张店区,其他,新东升福园,3室2厅,94.65,,117,12415.0
2023-11-15,山东,淄博,张店区,其他,新东升福园,,33.1,,48,14532.0
2023-11-01,山东,淄博,张店区,其他,新东升福园,3室2厅,94.65,,110,11622.0
2023-09-26,山东,淄博,张店区,其他,新东升福园,3室2厅,108.0,,130,12038.0
2023-09-15,山东,淄博,张店区,其他,新东升福园,3室2厅,116.0,,147,12742.0
2023-09-07,山东,淄博,张店区,其他,新东升福园,,31.92,,45,14255.0
2023-09-07,山东,淄博,张店区,其他,新东升福园,1室1厅,22.0,,31,14500.0
2023-08-13,山东,淄博,张店区,其他,新东升福园,2室2厅,80.18,,95,11911.0
2023-04-02,山东,淄博,张店区,其他,新东升福园,3室2厅,112.0,,158,14108.0
2023-03-26,山东,淄博,张店区,其他,新东升福园,3室2厅,101.26,,145,14409.0
2023-03-22,山东,淄博,张店区,其他,新东升福园,2室2厅,78.92,,80,10137.0
2023-03-01,山东,淄博,张店区,其他,新东升福园,3室2厅,108.0,,148,13750.0
2023-02-27,山东,淄博,张店区,其他,新东升福园,3室2厅,126.83,,160,12616.0
2023-02-17,山东,淄博,张店区,其他,新东升福园,3室2厅,131.6,,198,15046.0
2023-02-08,山东,淄博,张店区,其他,新东升福园,3室2厅,100.44,,130,12944.0
2023-02-07,山东,淄博,张店区,其他,新东升福园,3室2厅,95.0,,127,13390.0
2023-02-05,山东,淄博,张店区,其他,新东升福园,3室2厅,133.9,,147,11016.0
2023-02-02,山东,淄博,张店区,其他,新东升福园,2室1厅,80.18,,97,12098.0
2025-08-23,山东,淄博,张店区,,天泰书院康城,4室2厅,137.85,,95,6892.0
2025-08-16,山东,淄博,张店区,,天泰书院康城,3室1厅,104.33,,70,6758.0
2025-04-21,山东,淄博,张店区,,天泰书院康城,4室2厅,137.85,,127,9213.0
2025-02-23,山东,淄博,张店区,,天泰书院康城,4室2厅,137.85,,103,7530.0
2025-02-20,山东,淄博,张店区,,天泰书院康城,3室2厅,128.51,,103,8015.0
2024-09-30,山东,淄博,张店区,,天泰书院康城,3室2厅,103.0,,88,8544.0
2024-09-19,山东,淄博,张店区,,天泰书院康城,3室2厅,118.0,,70,5933.0
2024-08-12,山东,淄博,张店区,,天泰书院康城,3室2厅,105.0,,81,7715.0
2024-04-11,山东,淄博,张店区,,天泰书院康城,3室2厅,105.0,,73,7029.0
2024-03-31,山东,淄博,张店区,,天泰书院康城,3室2厅,104.45,,70,6702.0
2024-03-08,山东,淄博,张店区,,天泰书院康城,3室2厅,105.0,,78,7429.0
2024-09-30,山东,淄博,淄川区,淄川,长廷街,3室1厅,93.0,,20,2226.0
2024-07-29,山东,淄博,淄川区,淄川,长廷街,3室2厅,121.59,,40,3340.0
2024-03-26,山东,淄博,淄川区,淄川,长廷街,2室1厅,75.0,,22,3040.0
2024-03-15,山东,淄博,淄川区,淄川,长廷街,2室1厅,60.79,,20,3373.0
2024-03-07,山东,淄博,淄川区,淄川,长廷街,3室1厅,77.84,,20,2634.0
2023-09-27,山东,淄博,淄川区,淄川,长廷街,3室1厅,77.9,,31,4031.0
2023-08-21,山东,淄博,淄川区,淄川,长廷街,2室1厅,53.8,,21,3904.0
2023-06-09,山东,淄博,淄川区,淄川,长廷街,3室1厅,79.8,,31,3885.0
2023-03-02,山东,淄博,淄川区,淄川,长廷街,3室1厅,85.0,,38,4471.0
2025-09-12,山东,淄博,淄川区,,水岸新城,3室2厅,140.4,,67,4773.0
2025-09-07,山东,淄博,淄川区,,水岸新城,3室2厅,144.0,,67,4709.0
2025-08-03,山东,淄博,淄川区,,水岸新城,3室2厅,117.22,,44,3754.0
2025-07-27,山东,淄博,淄川区,,水岸新城,3室2厅,142.87,,61,4270.0
2025-07-25,山东,淄博,淄川区,,水岸新城,3室2厅,144.77,,51,3523.0
2025-05-22,山东,淄博,淄川区,,水岸新城,3室2厅,116.2,,61,5250.0
2025-05-22,山东,淄博,淄川区,,水岸新城,3室1厅,113.78,,42,3709.0
2024-12-10,山东,淄博,淄川区,,水岸新城,3室2厅,114.85,,50,4398.0
2024-09-29,山东,淄博,淄川区,,水岸新城,2室2厅,99.21,,39,4012.0
2024-08-14,山东,淄博,淄川区,,水岸新城,3室2厅,139.78,,52,3721.0
2024-07-17,山东,淄博,淄川区,,水岸新城,3室2厅,114.85,,49,4337.0
2024-05-24,山东,淄博,淄川区,,水岸新城,3室2厅,134.33,,73,5435.0
2024-03-09,山东,淄博,淄川区,,水岸新城,3室2厅,114.85,,75,6531.0
2023-11-30,山东,淄博,淄川区,,水岸新城,2室1厅,100.37,,47,4683.0
2023-05-22,山东,淄博,淄川区,,水岸新城,3室2厅,143.0,,79,5560.0
2023-05-02,山东,淄博,淄川区,,水岸新城,3室2厅,114.85,,72,6270.0
2023-04-24,山东,淄博,淄川区,,水岸新城,3室2厅,116.0,,72,6207.0
2023-04-14,山东,淄博,淄川区,,水岸新城,3室2厅,134.33,,84,6313.0
2024-11-10,山东,淄博,张店区,人民公园,柳泉路西三巷三号甲院,3室2厅,94.16,,34,3664.0
2024-09-29,山东,淄博,张店区,人民公园,柳泉路西三巷三号甲院,2室2厅,72.37,,33,4629.0
2023-01-01,山东,淄博,张店区,人民公园,柳泉路西三巷三号甲院,3室2厅,93.11,,63,6853.0
2025-08-10,山东,淄博,张店区,莲池小学,莲馨园,2室2厅,91.78,,44,4849.0
2025-07-07,山东,淄博,张店区,莲池小学,莲馨园,3室1厅,93.14,,62,6657.0
2025-02-27,山东,淄博,张店区,莲池小学,莲馨园,3室2厅,114.0,,65,5746.0
2024-09-28,山东,淄博,张店区,莲池小学,莲馨园,2室2厅,78.98,,42,5318.0
2024-07-11,山东,淄博,张店区,莲池小学,莲馨园,3室2厅,93.15,,52,5583.0
2025-05-11,山东,淄博,高新区,高新,恒景绿洲,2室2厅,89.48,,48,5365.0
2025-03-22,山东,淄博,高新区,高新,恒景绿洲,2室2厅,83.74,,41,4897.0
2025-03-12,山东,淄博,高新区,高新,恒景绿洲,3室2厅,136.0,,83,6103.0
2025-02-25,山东,淄博,高新区,高新,恒景绿洲,2室2厅,83.62,,56,6793.0
2024-09-28,山东,淄博,高新区,高新,恒景绿洲,2室1厅,94.6,,50,5286.0
2024-08-06,山东,淄博,高新区,高新,恒景绿洲,2室2厅,89.48,,52,5812.0
2023-03-19,山东,淄博,高新区,高新,恒景绿洲,3室2厅,113.67,,109,9614.0
2025-08-24,山东,淄博,张店区,理工大西校区,恒大帝景,1室1厅,49.0,,23,4694.0
2025-08-16,山东,淄博,张店区,理工大西校区,恒大帝景,3室2厅,126.91,,106,8392.0
2025-07-16,山东,淄博,张店区,理工大西校区,恒大帝景,3室2厅,148.5,,130,8799.0
2025-07-09,山东,淄博,张店区,理工大西校区,恒大帝景,3室2厅,132.55,,104,7892.0
2025-06-09,山东,淄博,张店区,理工大西校区,恒大帝景,3室2厅,137.0,,106,7738.0
2025-06-06,山东,淄博,张店区,理工大西校区,恒大帝景,3室1厅,132.55,,113,8571.0
2025-05-11,山东,淄博,张店区,理工大西校区,恒大帝景,3室2厅,120.85,,106,8772.0
2025-05-05,山东,淄博,张店区,理工大西校区,恒大帝景,,49.0,,24,5062.0
2025-04-18,山东,淄博,张店区,理工大西校区,恒大帝景,1室1厅,49.17,,25,5146.0
2025-04-14,山东,淄博,张店区,理工大西校区,恒大帝景,,49.0,,23,4796.0
2025-02-12,山东,淄博,张店区,理工大西校区,恒大帝景,,49.0,,24,5000.0
2024-10-31,山东,淄博,张店区,理工大西校区,恒大帝景,,50.0,,30,6160.0
2024-10-29,山东,淄博,张店区,理工大西校区,恒大帝景,3室2厅,137.0,,128,9344.0
2024-09-10,山东,淄博,张店区,理工大西校区,恒大帝景,1室1厅,49.0,,27,5674.0
2024-08-30,山东,淄博,张店区,理工大西校区,恒大帝景,1室1厅,49.17,,26,5329.0
2024-08-29,山东,淄博,张店区,理工大西校区,恒大帝景,4室2厅,180.84,,203,11226.0
2024-08-23,山东,淄博,张店区,理工大西校区,恒大帝景,3室2厅,110.58,,105,9496.0
2024-05-25,山东,淄博,张店区,理工大西校区,恒大帝景,3室2厅,120.85,,109,9086.0
2024-04-23,山东,淄博,张店区,理工大西校区,恒大帝景,2室1厅,87.39,,72,8239.0
2024-04-09,山东,淄博,张店区,理工大西校区,恒大帝景,3室2厅,148.77,,150,10117.0
2024-01-18,山东,淄博,张店区,理工大西校区,恒大帝景,2室2厅,87.28,,83,9510.0
2024-01-10,山东,淄博,张店区,理工大西校区,恒大帝景,3室2厅,105.34,,98,9351.0
2023-12-04,山东,淄博,张店区,理工大西校区,恒大帝景,1室1厅,49.34,,30,6081.0
2023-11-17,山东,淄博,张店区,理工大西校区,恒大帝景,3室2厅,110.0,,111,10091.0
2023-11-10,山东,淄博,张店区,理工大西校区,恒大帝景,3室2厅,123.16,,117,9500.0
2023-10-10,山东,淄博,张店区,理工大西校区,恒大帝景,2室1厅,88.0,,81,9205.0
2023-07-02,山东,淄博,张店区,理工大西校区,恒大帝景,2室2厅,88.0,,91,10364.0
2023-06-21,山东,淄博,张店区,理工大西校区,恒大帝景,3室2厅,130.0,,118,9077.0
2023-06-20,山东,淄博,张店区,理工大西校区,恒大帝景,,50.0,,28,5760.0
2023-05-22,山东,淄博,张店区,理工大西校区,恒大帝景,3室2厅,123.16,,141,11449.0
2023-05-13,山东,淄博,张店区,理工大西校区,恒大帝景,1室1厅,49.34,,31,6385.0
2023-04-30,山东,淄博,张店区,理工大西校区,恒大帝景,,49.6,,28,5646.0
2023-04-06,山东,淄博,张店区,理工大西校区,恒大帝景,3室2厅,123.0,,145,11854.0
2023-03-24,山东,淄博,张店区,理工大西校区,恒大帝景,3室2厅,123.16,,136,11043.0
2023-03-13,山东,淄博,张店区,理工大西校区,恒大帝景,3室2厅,110.0,,134,12182.0
2023-02-25,山东,淄博,张店区,理工大西校区,恒大帝景,3室2厅,110.0,,131,11910.0
2023-02-21,山东,淄博,张店区,理工大西校区,恒大帝景,3室2厅,123.77,,140,11312.0
2023-02-14,山东,淄博,张店区,理工大西校区,恒大帝景,3室2厅,105.0,,109,10458.0
2023-02-12,山东,淄博,张店区,理工大西校区,恒大帝景,3室1厅,105.34,,110,10443.0
2023-01-09,山东,淄博,张店区,理工大西校区,恒大帝景,2室2厅,86.0,,87,10162.0
2023-01-09,山东,淄博,张店区,理工大西校区,恒大帝景,2室2厅,86.18,,89,10328.0
2025-05-25,山东,淄博,淄川区,淄川,舒香苑,2室2厅,119.62,,40,3344.0
2025-05-06,山东,淄博,淄川区,淄川,舒香苑,3室2厅,107.76,,53,4919.0
2025-04-11,山东,淄博,淄川区,淄川,舒香苑,2室2厅,98.0,,35,3572.0
2025-03-17,山东,淄博,淄川区,淄川,舒香苑,2室2厅,106.13,,42,3958.0
2025-02-09,山东,淄博,淄川区,淄川,舒香苑,3室2厅,108.31,,52,4848.0
2024-09-26,山东,淄博,淄川区,淄川,舒香苑,2室2厅,95.58,,45,4709.0
2024-09-21,山东,淄博,淄川区,淄川,舒香苑,3室2厅,157.34,,86,5466.0
2024-05-05,山东,淄博,淄川区,淄川,舒香苑,3室2厅,144.02,,90,6250.0
2023-11-29,山东,淄博,淄川区,淄川,舒香苑,3室2厅,183.13,,115,6280.0
2025-09-21,山东,淄博,张店区,植物园,盛世康城二期,4室2厅,146.26,,82,5662.0
2025-09-17,山东,淄博,张店区,植物园,盛世康城二期,3室1厅,108.63,,71,6592.0
2025-09-14,山东,淄博,张店区,植物园,盛世康城二期,2室2厅,104.7,,44,4203.0
2025-09-13,山东,淄博,张店区,植物园,盛世康城二期,4室2厅,146.03,,84,5753.0
2025-09-09,山东,淄博,张店区,植物园,盛世康城二期,3室2厅,123.24,,53,4301.0
2025-09-03,山东,淄博,张店区,植物园,盛世康城二期,2室2厅,104.0,,62,5962.0
2025-09-03,山东,淄博,张店区,植物园,盛世康城二期,3室2厅,95.2,,56,5883.0
2025-08-17,山东,淄博,张店区,植物园,盛世康城二期,3室2厅,123.33,,84,6811.0
2025-07-29,山东,淄博,张店区,植物园,盛世康城二期,2室2厅,101.42,,56,5532.0
2025-06-24,山东,淄博,张店区,植物园,盛世康城二期,3室1厅,98.0,,52,5327.0
2025-06-21,山东,淄博,张店区,植物园,盛世康城二期,3室2厅,97.25,,57,5862.0
2025-06-15,山东,淄博,张店区,植物园,盛世康城二期,3室2厅,113.76,,75,6593.0
2025-06-13,山东,淄博,张店区,植物园,盛世康城二期,2室2厅,112.83,,41,3696.0
2025-06-11,山东,淄博,张店区,植物园,盛世康城二期,3室2厅,135.0,,85,6297.0
2025-05-27,山东,淄博,张店区,植物园,盛世康城二期,3室2厅,122.0,,71,5828.0
2025-05-17,山东,淄博,张店区,植物园,盛世康城二期,3室2厅,151.38,,110,7267.0
2025-05-10,山东,淄博,张店区,植物园,盛世康城二期,2室2厅,91.0,,15,1704.0
2025-05-06,山东,淄博,张店区,植物园,盛世康城二期,3室2厅,122.0,,80,6558.0
2025-05-03,山东,淄博,张店区,植物园,盛世康城二期,3室2厅,134.68,,70,5205.0
2025-05-02,山东,淄博,张店区,植物园,盛世康城二期,3室2厅,106.12,,63,6013.0
2025-04-22,山东,淄博,张店区,植物园,盛世康城二期,2室1厅,104.0,,56,5385.0
2025-04-21,山东,淄博,张店区,植物园,盛世康城二期,3室2厅,123.24,,73,5924.0
2025-04-17,山东,淄博,张店区,植物园,盛世康城二期,3室2厅,108.0,,70,6482.0
2025-04-16,山东,淄博,张店区,植物园,盛世康城二期,2室2厅,87.0,,53,6104.0
2025-04-10,山东,淄博,张店区,植物园,盛世康城二期,3室2厅,97.25,,57,5923.0
2025-03-19,山东,淄博,张店区,植物园,盛世康城二期,3室2厅,114.96,,62,5394.0
2025-03-19,山东,淄博,张店区,植物园,盛世康城二期,2室1厅,76.0,,42,5553.0
2025-03-11,山东,淄博,张店区,植物园,盛世康城二期,2室2厅,80.36,,39,4941.0
2025-03-10,山东,淄博,张店区,植物园,盛世康城二期,2室2厅,84.5,,44,5314.0
2025-02-27,山东,淄博,张店区,植物园,盛世康城二期,3室2厅,132.56,,93,7031.0
2025-02-21,山东,淄博,张店区,植物园,盛世康城二期,3室2厅,133.98,,88,6569.0
2025-02-06,山东,淄博,张店区,植物园,盛世康城二期,2室2厅,104.55,,62,6007.0
2025-01-20,山东,淄博,张店区,植物园,盛世康城二期,3室2厅,98.0,,78,7960.0
2025-01-08,山东,淄博,张店区,植物园,盛世康城二期,2室2厅,86.7,,47,5479.0
2024-12-11,山东,淄博,张店区,植物园,盛世康城二期,3室2厅,99.58,,65,6528.0
2024-11-13,山东,淄博,张店区,植物园,盛世康城二期,3室2厅,103.99,,67,6501.0
2024-10-20,山东,淄博,张店区,植物园,盛世康城二期,4室2厅,146.03,,108,7451.0
2024-10-16,山东,淄博,张店区,植物园,盛世康城二期,3室2厅,123.24,,72,5883.0
2024-10-06,山东,淄博,张店区,植物园,盛世康城二期,3室1厅,96.14,,63,6553.0
2024-09-26,山东,淄博,张店区,植物园,盛世康城二期,2室2厅,106.0,,58,5496.0
2024-09-15,山东,淄博,张店区,植物园,盛世康城二期,4室2厅,137.26,,78,5683.0
2024-08-28,山东,淄博,张店区,植物园,盛世康城二期,3室2厅,115.0,,65,5653.0
2024-08-21,山东,淄博,张店区,植物园,盛世康城二期,2室2厅,86.0,,53,6163.0
2024-08-20,山东,淄博,张店区,植物园,盛世康城二期,3室2厅,98.0,,63,6429.0
2024-08-17,山东,淄博,张店区,植物园,盛世康城二期,3室2厅,97.25,,63,6561.0
2024-08-08,山东,淄博,张店区,植物园,盛世康城二期,4室2厅,149.0,,120,8054.0
2024-08-06,山东,淄博,张店区,植物园,盛世康城二期,2室2厅,86.1,,61,7085.0
2024-07-20,山东,淄博,张店区,植物园,盛世康城二期,3室2厅,140.41,,108,7692.0
2024-07-02,山东,淄博,张店区,植物园,盛世康城二期,3室2厅,106.39,,70,6580.0
2024-06-13,山东,淄博,张店区,植物园,盛世康城二期,3室2厅,108.0,,63,5834.0
2024-06-05,山东,淄博,张店区,植物园,盛世康城二期,3室2厅,122.01,,76,6300.0
2024-06-02,山东,淄博,张店区,植物园,盛世康城二期,3室2厅,95.0,,67,7053.0
2024-06-01,山东,淄博,张店区,植物园,盛世康城二期,3室1厅,120.0,,82,6834.0
2024-05-15,山东,淄博,张店区,植物园,盛世康城二期,3室2厅,113.55,,55,4856.0
2024-04-29,山东,淄博,张店区,植物园,盛世康城二期,3室2厅,124.49,,78,6266.0
2024-04-09,山东,淄博,张店区,植物园,盛世康城二期,3室2厅,129.0,,107,8295.0
2024-04-04,山东,淄博,张店区,植物园,盛世康城二期,3室2厅,96.7,,73,7550.0
2024-03-27,山东,淄博,张店区,植物园,盛世康城二期,3室1厅,96.1,,56,5828.0
2024-03-07,山东,淄博,张店区,植物园,盛世康城二期,3室2厅,105.59,,73,6914.0
2024-01-15,山东,淄博,张店区,植物园,盛世康城二期,3室2厅,87.0,,45,5173.0
2023-12-31,山东,淄博,张店区,植物园,盛世康城二期,3室2厅,118.9,,85,7191.0
2023-12-08,山东,淄博,张店区,植物园,盛世康城二期,2室2厅,81.0,,53,6544.0
2023-11-26,山东,淄博,张店区,植物园,盛世康城二期,3室2厅,115.14,,68,5906.0
2023-10-02,山东,淄博,张店区,植物园,盛世康城二期,2室2厅,87.0,,55,6322.0
2023-09-23,山东,淄博,张店区,植物园,盛世康城二期,3室2厅,123.0,,99,8049.0
2023-09-20,山东,淄博,张店区,植物园,盛世康城二期,2室2厅,82.0,,41,5000.0
2023-09-18,山东,淄博,张店区,植物园,盛世康城二期,2室1厅,80.36,,51,6347.0
2023-09-17,山东,淄博,张店区,植物园,盛世康城二期,2室1厅,80.8,,56,6931.0
2023-09-12,山东,淄博,张店区,植物园,盛世康城二期,3室2厅,108.63,,79,7291.0
2023-08-18,山东,淄博,张店区,植物园,盛世康城二期,4室2厅,139.6,,146,10502.0
2023-07-30,山东,淄博,张店区,植物园,盛世康城二期,3室2厅,108.0,,77,7204.0
2023-06-28,山东,淄博,张店区,植物园,盛世康城二期,3室2厅,118.9,,82,6897.0
2023-05-29,山东,淄博,张店区,植物园,盛世康城二期,3室2厅,107.0,,73,6823.0
2023-05-19,山东,淄博,张店区,植物园,盛世康城二期,2室2厅,111.45,,74,6685.0
2023-04-08,山东,淄博,张店区,植物园,盛世康城二期,3室2厅,84.0,,53,6310.0
2023-03-07,山东,淄博,张店区,植物园,盛世康城二期,2室1厅,85.0,,63,7412.0
2023-03-07,山东,淄博,张店区,植物园,盛世康城二期,3室2厅,106.0,,75,7076.0
2023-03-05,山东,淄博,张店区,植物园,盛世康城二期,2室2厅,102.0,,74,7265.0
2023-02-22,山东,淄博,张店区,植物园,盛世康城二期,4室2厅,146.03,,102,7020.0
2023-02-12,山东,淄博,张店区,植物园,盛世康城二期,2室1厅,78.32,,54,6921.0
2023-02-12,山东,淄博,张店区,植物园,盛世康城二期,2室2厅,104.68,,66,6382.0
2023-01-31,山东,淄博,张店区,植物园,盛世康城二期,3室2厅,98.0,,80,8245.0
2023-01-05,山东,淄博,张店区,植物园,盛世康城二期,3室2厅,134.0,,94,7053.0
2025-09-07,山东,淄博,张店区,中润华侨城,中润·华侨城五组团,3室2厅,167.7,,121,7252.0
2025-09-07,山东,淄博,张店区,中润华侨城,中润·华侨城五组团,4室2厅,200.01,,176,8830.0
2025-08-21,山东,淄博,张店区,中润华侨城,中润·华侨城五组团,3室2厅,125.9,,83,6633.0
2025-08-14,山东,淄博,张店区,中润华侨城,中润·华侨城五组团,3室2厅,169.0,,102,6072.0
2025-08-11,山东,淄博,张店区,中润华侨城,中润·华侨城五组团,3室2厅,167.7,,120,7156.0
2025-08-10,山东,淄博,张店区,中润华侨城,中润·华侨城五组团,2室2厅,122.33,,87,7112.0
2025-07-16,山东,淄博,张店区,中润华侨城,中润·华侨城五组团,2室2厅,99.0,,65,6566.0
2025-07-13,山东,淄博,张店区,中润华侨城,中润·华侨城五组团,3室2厅,157.49,,92,5842.0
2025-07-01,山东,淄博,张店区,中润华侨城,中润·华侨城五组团,3室2厅,162.89,,112,6876.0
2025-07-01,山东,淄博,张店区,中润华侨城,中润·华侨城五组团,3室2厅,157.0,,106,6752.0
2025-06-28,山东,淄博,张店区,中润华侨城,中润·华侨城五组团,2室2厅,100.0,,54,5420.0
2025-06-12,山东,淄博,张店区,中润华侨城,中润·华侨城五组团,4室2厅,181.0,,136,7514.0
2025-06-03,山东,淄博,张店区,中润华侨城,中润·华侨城五组团,3室2厅,138.9,,108,7776.0
2025-05-29,山东,淄博,张店区,中润华侨城,中润·华侨城五组团,4室2厅,167.15,,127,7598.0
2025-05-06,山东,淄博,张店区,中润华侨城,中润·华侨城五组团,3室2厅,136.96,,130,9492.0
2025-05-01,山东,淄博,张店区,中润华侨城,中润·华侨城五组团,2室2厅,98.0,,55,5694.0
2025-04-27,山东,淄博,张店区,中润华侨城,中润·华侨城五组团,2室2厅,88.53,,61,6947.0
2025-04-07,山东,淄博,张店区,中润华侨城,中润·华侨城五组团,2室2厅,93.08,,67,7199.0
2025-04-01,山东,淄博,张店区,中润华侨城,中润·华侨城五组团,2室2厅,100.3,,75,7478.0
2025-03-18,山东,淄博,张店区,中润华侨城,中润·华侨城五组团,3室2厅,132.28,,95,7182.0
2025-03-01,山东,淄博,张店区,中润华侨城,中润·华侨城五组团,3室2厅,127.16,,103,8171.0
2025-02-24,山东,淄博,张店区,中润华侨城,中润·华侨城五组团,2室2厅,98.0,,76,7756.0
2025-01-16,山东,淄博,张店区,中润华侨城,中润·华侨城五组团,2室2厅,97.96,,58,6003.0
2024-12-15,山东,淄博,张店区,中润华侨城,中润·华侨城五组团,4室2厅,190.7,,162,8496.0
2024-11-26,山东,淄博,张店区,中润华侨城,中润·华侨城五组团,2室2厅,99.8,,63,6313.0
2024-11-24,山东,淄博,张店区,中润华侨城,中润·华侨城五组团,2室2厅,117.0,,116,9915.0
2024-11-16,山东,淄博,张店区,中润华侨城,中润·华侨城五组团,2室1厅,76.63,,46,6003.0
2024-10-16,山东,淄博,张店区,中润华侨城,中润·华侨城五组团,2室2厅,94.07,,59,6272.0
2024-10-15,山东,淄博,张店区,中润华侨城,中润·华侨城五组团,4室2厅,153.71,,115,7482.0
2024-10-11,山东,淄博,张店区,中润华侨城,中润·华侨城五组团,3室2厅,132.9,,104,7834.0
2024-10-10,山东,淄博,张店区,中润华侨城,中润·华侨城五组团,3室2厅,141.59,,89,6343.0
2024-07-29,山东,淄博,张店区,中润华侨城,中润·华侨城五组团,2室2厅,123.0,,105,8594.0
2024-07-16,山东,淄博,张店区,中润华侨城,中润·华侨城五组团,3室2厅,143.42,,96,6750.0
2024-07-06,山东,淄博,张店区,中润华侨城,中润·华侨城五组团,3室2厅,132.9,,126,9481.0
2024-07-04,山东,淄博,张店区,中润华侨城,中润·华侨城五组团,3室2厅,134.0,,103,7732.0
2024-06-16,山东,淄博,张店区,中润华侨城,中润·华侨城五组团,2室2厅,97.96,,69,7044.0
2024-05-24,山东,淄博,张店区,中润华侨城,中润·华侨城五组团,2室1厅,80.81,,58,7178.0
2024-05-23,山东,淄博,张店区,中润华侨城,中润·华侨城五组团,3室2厅,152.32,,102,6697.0
2024-04-15,山东,淄博,张店区,中润华侨城,中润·华侨城五组团,2室2厅,96.09,,66,6869.0
2024-04-15,山东,淄博,张店区,中润华侨城,中润·华侨城五组团,3室2厅,143.0,,106,7448.0
2024-03-18,山东,淄博,张店区,中润华侨城,中润·华侨城五组团,3室2厅,168.0,,118,7024.0
2024-03-05,山东,淄博,张店区,中润华侨城,中润·华侨城五组团,3室2厅,127.16,,110,8651.0
2024-01-09,山东,淄博,张店区,中润华侨城,中润·华侨城五组团,2室2厅,90.8,,72,7930.0
2023-12-13,山东,淄博,张店区,中润华侨城,中润·华侨城五组团,3室2厅,127.16,,107,8415.0
2023-12-02,山东,淄博,张店区,中润华侨城,中润·华侨城五组团,2室2厅,111.0,,91,8244.0
2023-12-01,山东,淄博,张店区,中润华侨城,中润·华侨城五组团,2室2厅,97.96,,70,7146.0
2023-11-27,山东,淄博,张店区,中润华侨城,中润·华侨城五组团,2室2厅,98.83,,60,6132.0
2023-11-04,山东,淄博,张店区,中润华侨城,中润·华侨城五组团,3室2厅,157.49,,103,6541.0
2023-11-02,山东,淄博,张店区,中润华侨城,中润·华侨城五组团,2室2厅,104.72,,75,7162.0
2023-09-30,山东,淄博,张店区,中润华侨城,中润·华侨城五组团,2室2厅,88.53,,66,7456.0
2023-07-22,山东,淄博,张店区,中润华侨城,中润·华侨城五组团,3室2厅,139.6,,125,8955.0
2023-07-18,山东,淄博,张店区,中润华侨城,中润·华侨城五组团,3室2厅,147.0,,119,8096.0
2023-07-09,山东,淄博,张店区,中润华侨城,中润·华侨城五组团,3室2厅,140.0,,109,7786.0
2023-05-17,山东,淄博,张店区,中润华侨城,中润·华侨城五组团,3室2厅,162.86,,135,8321.0
2023-04-01,山东,淄博,张店区,中润华侨城,中润·华侨城五组团,2室2厅,105.0,,95,9124.0
2023-03-19,山东,淄博,张店区,中润华侨城,中润·华侨城五组团,3室2厅,125.08,,118,9434.0
2023-03-05,山东,淄博,张店区,中润华侨城,中润·华侨城五组团,2室1厅,80.69,,58,7189.0
2023-03-05,山东,淄博,张店区,中润华侨城,中润·华侨城五组团,2室2厅,88.89,,70,7875.0
2023-02-20,山东,淄博,张店区,中润华侨城,中润·华侨城五组团,3室2厅,142.47,,155,10880.0
2023-02-16,山东,淄博,张店区,中润华侨城,中润·华侨城五组团,2室2厅,89.78,,85,9468.0
2023-02-06,山东,淄博,张店区,中润华侨城,中润·华侨城五组团,3室2厅,167.53,,150,8954.0
2023-02-02,山东,淄博,张店区,中润华侨城,中润·华侨城五组团,2室2厅,101.02,,99,9850.0
2023-01-09,山东,淄博,张店区,中润华侨城,中润·华侨城五组团,3室2厅,123.48,,116,9435.0
2025-09-19,山东,淄博,张店区,柳泉中学,齐悦国际花园一期,1室1厅,58.26,,61,10557.0
2025-09-13,山东,淄博,张店区,柳泉中学,齐悦国际花园一期,2室2厅,94.78,,96,10182.0
2025-09-12,山东,淄博,张店区,柳泉中学,齐悦国际花园一期,3室1厅,166.8,,200,11991.0
2025-08-31,山东,淄博,张店区,柳泉中学,齐悦国际花园一期,3室2厅,156.28,,156,9983.0
2025-08-25,山东,淄博,张店区,柳泉中学,齐悦国际花园一期,1室1厅,53.58,,63,11908.0
2025-08-09,山东,淄博,张店区,柳泉中学,齐悦国际花园一期,1室1厅,53.28,,56,10511.0
2025-07-18,山东,淄博,张店区,柳泉中学,齐悦国际花园一期,3室2厅,160.35,,151,9417.0
2025-06-27,山东,淄博,张店区,柳泉中学,齐悦国际花园一期,3室2厅,160.37,,145,9042.0
2025-06-21,山东,淄博,张店区,柳泉中学,齐悦国际花园一期,1室1厅,53.58,,59,11161.0
2025-06-02,山东,淄博,张店区,柳泉中学,齐悦国际花园一期,2室2厅,95.0,,98,10316.0
2025-06-02,山东,淄博,张店区,柳泉中学,齐悦国际花园一期,3室2厅,115.97,,136,11728.0
2025-06-02,山东,淄博,张店区,柳泉中学,齐悦国际花园一期,3室2厅,176.96,,155,8760.0
2025-05-19,山东,淄博,张店区,柳泉中学,齐悦国际花园一期,1室1厅,52.69,,60,11426.0
2025-05-09,山东,淄博,张店区,柳泉中学,齐悦国际花园一期,1室1厅,53.28,,52,9817.0
2025-04-25,山东,淄博,张店区,柳泉中学,齐悦国际花园一期,2室2厅,95.0,,96,10158.0
2025-04-22,山东,淄博,张店区,柳泉中学,齐悦国际花园一期,3室2厅,141.76,,200,14109.0
2025-04-17,山东,淄博,张店区,柳泉中学,齐悦国际花园一期,2室2厅,96.91,,80,8256.0
2025-04-17,山东,淄博,张店区,柳泉中学,齐悦国际花园一期,2室2厅,94.78,,101,10657.0
2025-04-01,山东,淄博,张店区,柳泉中学,齐悦国际花园一期,1室1厅,52.39,,60,11453.0
2025-03-30,山东,淄博,张店区,柳泉中学,齐悦国际花园一期,1室1厅,52.69,,64,12242.0
2025-03-26,山东,淄博,张店区,柳泉中学,齐悦国际花园一期,1室1厅,52.69,,66,12527.0
2025-03-09,山东,淄博,张店区,柳泉中学,齐悦国际花园一期,1室1厅,52.39,,62,11930.0
2025-03-06,山东,淄博,张店区,柳泉中学,齐悦国际花园一期,1室1厅,52.69,,64,12204.0
2025-02-25,山东,淄博,张店区,柳泉中学,齐悦国际花园一期,1室1厅,53.28,,63,11975.0
2025-02-19,山东,淄博,张店区,柳泉中学,齐悦国际花园一期,3室1厅,141.0,,146,10355.0
2025-02-18,山东,淄博,张店区,柳泉中学,齐悦国际花园一期,1室1厅,52.39,,60,11568.0
2025-01-24,山东,淄博,张店区,柳泉中学,齐悦国际花园一期,1室1厅,52.69,,66,12527.0
2025-01-16,山东,淄博,张店区,柳泉中学,齐悦国际花园一期,1室1厅,52.69,,63,12052.0
2025-01-12,山东,淄博,张店区,柳泉中学,齐悦国际花园一期,1室1厅,53.58,,65,12188.0
2025-01-02,山东,淄博,张店区,柳泉中学,齐悦国际花园一期,2室1厅,68.59,,67,9871.0
2024-12-31,山东,淄博,张店区,柳泉中学,齐悦国际花园一期,1室1厅,53.28,,60,11431.0
2024-12-28,山东,淄博,张店区,柳泉中学,齐悦国际花园一期,1室1厅,53.28,,59,11168.0
2024-12-10,山东,淄博,张店区,柳泉中学,齐悦国际花园一期,1室1厅,53.58,,63,11759.0
2024-12-09,山东,淄博,张店区,柳泉中学,齐悦国际花园一期,1室1厅,53.28,,61,11449.0
2024-12-05,山东,淄博,张店区,柳泉中学,齐悦国际花园一期,1室1厅,52.39,,58,11071.0
2024-12-02,山东,淄博,张店区,柳泉中学,齐悦国际花园一期,2室1厅,68.59,,73,10760.0
2024-11-24,山东,淄博,张店区,柳泉中学,齐悦国际花园一期,2室1厅,68.59,,65,9565.0
2024-11-08,山东,淄博,张店区,柳泉中学,齐悦国际花园一期,1室1厅,53.0,,59,11284.0
2024-10-27,山东,淄博,张店区,柳泉中学,齐悦国际花园一期,3室2厅,177.0,,178,10057.0
2024-10-23,山东,淄博,张店区,柳泉中学,齐悦国际花园一期,2室2厅,91.14,,84,9305.0
2024-10-22,山东,淄博,张店区,柳泉中学,齐悦国际花园一期,2室2厅,117.65,,103,8755.0
2024-10-12,山东,淄博,张店区,柳泉中学,齐悦国际花园一期,1室1厅,53.58,,65,12132.0
2024-10-12,山东,淄博,张店区,柳泉中学,齐悦国际花园一期,1室1厅,53.58,,64,12095.0
2024-10-01,山东,淄博,张店区,柳泉中学,齐悦国际花园一期,3室2厅,160.89,,160,9945.0
2024-10-01,山东,淄博,张店区,柳泉中学,齐悦国际花园一期,3室2厅,136.89,,121,8840.0
2024-09-10,山东,淄博,张店区,柳泉中学,齐悦国际花园一期,1室1厅,52.39,,60,11453.0
2024-08-20,山东,淄博,张店区,柳泉中学,齐悦国际花园一期,3室2厅,160.0,,150,9375.0
2024-07-04,山东,淄博,张店区,柳泉中学,齐悦国际花园一期,3室2厅,132.06,,159,12040.0
2024-06-30,山东,淄博,张店区,柳泉中学,齐悦国际花园一期,1室1厅,53.29,,63,11916.0
2024-06-19,山东,淄博,张店区,柳泉中学,齐悦国际花园一期,2室1厅,68.97,,66,9570.0
2024-05-18,山东,淄博,张店区,柳泉中学,齐悦国际花园一期,1室1厅,53.28,,65,12332.0
2024-04-26,山东,淄博,张店区,柳泉中学,齐悦国际花园一期,2室1厅,68.59,,75,10935.0
2024-04-26,山东,淄博,张店区,柳泉中学,齐悦国际花园一期,1室1厅,53.58,,69,12878.0
2024-04-22,山东,淄博,张店区,柳泉中学,齐悦国际花园一期,1室1厅,58.26,,72,12496.0
2024-04-13,山东,淄博,张店区,柳泉中学,齐悦国际花园一期,1室1厅,53.28,,64,12144.0
2024-04-05,山东,淄博,张店区,柳泉中学,齐悦国际花园一期,2室2厅,94.78,,113,11923.0
2024-04-03,山东,淄博,张店区,柳泉中学,齐悦国际花园一期,2室1厅,68.59,,78,11372.0
2024-03-24,山东,淄博,张店区,柳泉中学,齐悦国际花园一期,3室2厅,117.65,,115,9826.0
2024-03-17,山东,淄博,张店区,柳泉中学,齐悦国际花园一期,1室1厅,52.39,,64,12293.0
2024-03-12,山东,淄博,张店区,柳泉中学,齐悦国际花园一期,1室1厅,53.58,,68,12692.0
2024-03-11,山东,淄博,张店区,柳泉中学,齐悦国际花园一期,1室1厅,52.39,,65,12503.0
2024-02-26,山东,淄博,张店区,柳泉中学,齐悦国际花园一期,1室1厅,52.69,,65,12337.0
2024-02-20,山东,淄博,张店区,柳泉中学,齐悦国际花园一期,2室2厅,84.58,,108,12769.0
2024-02-03,山东,淄博,张店区,柳泉中学,齐悦国际花园一期,2室1厅,68.59,,77,11227.0
2024-01-31,山东,淄博,张店区,柳泉中学,齐悦国际花园一期,3室2厅,117.65,,116,9860.0
2024-01-16,山东,淄博,张店区,柳泉中学,齐悦国际花园一期,3室2厅,125.0,,175,14000.0
2024-01-10,山东,淄博,张店区,柳泉中学,齐悦国际花园一期,1室1厅,53.58,,64,12095.0
2024-01-10,山东,淄博,张店区,柳泉中学,齐悦国际花园一期,1室1厅,53.0,,69,13170.0
2023-12-02,山东,淄博,张店区,柳泉中学,齐悦国际花园一期,1室1厅,52.69,,67,12773.0
2023-11-18,山东,淄博,张店区,柳泉中学,齐悦国际花园一期,1室1厅,53.58,,65,12225.0
2023-11-03,山东,淄博,张店区,柳泉中学,齐悦国际花园一期,2室2厅,95.0,,119,12527.0
2023-10-29,山东,淄博,张店区,柳泉中学,齐悦国际花园一期,3室2厅,124.98,,185,14803.0
2023-09-22,山东,淄博,张店区,柳泉中学,齐悦国际花园一期,2室1厅,68.59,,75,10964.0
2023-09-22,山东,淄博,张店区,柳泉中学,齐悦国际花园一期,2室1厅,68.59,,77,11227.0
2023-08-26,山东,淄博,张店区,柳泉中学,齐悦国际花园一期,2室2厅,113.23,,115,10157.0
2023-07-09,山东,淄博,张店区,柳泉中学,齐悦国际花园一期,2室1厅,68.59,,80,11737.0
2023-07-02,山东,淄博,张店区,柳泉中学,齐悦国际花园一期,1室1厅,53.58,,71,13252.0
2023-06-25,山东,淄博,张店区,柳泉中学,齐悦国际花园一期,1室1厅,52.69,,64,12242.0
2023-06-24,山东,淄博,张店区,柳泉中学,齐悦国际花园一期,3室2厅,167.0,,278,16647.0
2023-06-22,山东,淄博,张店区,柳泉中学,齐悦国际花园一期,2室1厅,68.59,,83,12101.0
2023-06-10,山东,淄博,张店区,柳泉中学,齐悦国际花园一期,2室2厅,96.91,,101,10505.0
2023-06-04,山东,淄博,张店区,柳泉中学,齐悦国际花园一期,1室1厅,52.69,,70,13286.0
2023-05-29,山东,淄博,张店区,柳泉中学,齐悦国际花园一期,2室1厅,91.14,,105,11576.0
2023-05-03,山东,淄博,张店区,柳泉中学,齐悦国际花园一期,2室2厅,85.0,,122,14353.0
2023-04-30,山东,淄博,张店区,柳泉中学,齐悦国际花园一期,1室1厅,52.39,,65,12407.0
2023-04-17,山东,淄博,张店区,柳泉中学,齐悦国际花园一期,2室1厅,91.0,,107,11814.0
2023-04-12,山东,淄博,张店区,柳泉中学,齐悦国际花园一期,2室2厅,84.58,,103,12237.0
2023-04-12,山东,淄博,张店区,柳泉中学,齐悦国际花园一期,2室2厅,94.78,,121,12820.0
2023-04-08,山东,淄博,张店区,柳泉中学,齐悦国际花园一期,1室1厅,53.0,,62,11699.0
2023-04-06,山东,淄博,张店区,柳泉中学,齐悦国际花园一期,2室2厅,113.23,,131,11570.0
2023-04-06,山东,淄博,张店区,柳泉中学,齐悦国际花园一期,3室2厅,153.62,,190,12369.0
2023-04-05,山东,淄博,张店区,柳泉中学,齐悦国际花园一期,3室2厅,115.97,,142,12288.0
2023-03-29,山东,淄博,张店区,柳泉中学,齐悦国际花园一期,3室2厅,176.96,,220,12433.0
2023-03-19,山东,淄博,张店区,柳泉中学,齐悦国际花园一期,2室2厅,94.78,,121,12767.0
2023-03-15,山东,淄博,张店区,柳泉中学,齐悦国际花园一期,2室1厅,68.59,,69,10060.0
2023-03-07,山东,淄博,张店区,柳泉中学,齐悦国际花园一期,,53.29,,66,12386.0
2023-03-04,山东,淄博,张店区,柳泉中学,齐悦国际花园一期,2室2厅,115.4,,158,13692.0
2023-02-12,山东,淄博,张店区,柳泉中学,齐悦国际花园一期,3室2厅,135.0,,180,13334.0
2023-02-07,山东,淄博,张店区,柳泉中学,齐悦国际花园一期,1室1厅,53.58,,70,13065.0
2023-02-05,山东,淄博,张店区,柳泉中学,齐悦国际花园一期,2室2厅,94.78,,116,12292.0
2023-01-17,山东,淄博,张店区,柳泉中学,齐悦国际花园一期,1室1厅,53.58,,68,12692.0
2023-01-17,山东,淄博,张店区,柳泉中学,齐悦国际花园一期,2室2厅,115.0,,135,11740.0
2023-01-08,山东,淄博,张店区,柳泉中学,齐悦国际花园一期,3室2厅,165.45,,215,12995.0
2023-01-05,山东,淄博,张店区,柳泉中学,齐悦国际花园一期,1室1厅,52.69,,68,13058.0
2025-07-29,山东,淄博,张店区,义乌商品城,江南豪庭,3室2厅,113.67,,70,6176.0
2025-05-25,山东,淄博,张店区,义乌商品城,江南豪庭,3室2厅,116.12,,61,5254.0
2024-10-29,山东,淄博,张店区,义乌商品城,江南豪庭,3室2厅,133.67,,95,7108.0
2024-10-24,山东,淄博,张店区,义乌商品城,江南豪庭,4室2厅,148.91,,87,5843.0
2024-09-26,山东,淄博,张店区,义乌商品城,江南豪庭,3室2厅,112.06,,95,8478.0
2024-09-14,山东,淄博,张店区,义乌商品城,江南豪庭,3室2厅,138.12,,88,6408.0
2024-08-04,山东,淄博,张店区,义乌商品城,江南豪庭,3室2厅,125.17,,92,7390.0
2024-07-20,山东,淄博,张店区,义乌商品城,江南豪庭,2室2厅,85.0,,63,7412.0
2024-05-28,山东,淄博,张店区,义乌商品城,江南豪庭,4室2厅,169.86,,130,7654.0
2024-02-24,山东,淄博,张店区,义乌商品城,江南豪庭,3室2厅,149.76,,102,6811.0
2023-10-18,山东,淄博,张店区,义乌商品城,江南豪庭,2室2厅,108.01,,88,8148.0
2023-10-15,山东,淄博,张店区,义乌商品城,江南豪庭,3室2厅,136.53,,118,8680.0
2023-10-12,山东,淄博,张店区,义乌商品城,江南豪庭,3室2厅,147.0,,135,9184.0
2023-09-27,山东,淄博,张店区,义乌商品城,江南豪庭,3室2厅,127.86,,99,7782.0
2023-07-19,山东,淄博,张店区,义乌商品城,江南豪庭,3室2厅,135.0,,108,8000.0
2023-05-29,山东,淄博,张店区,义乌商品城,江南豪庭,3室2厅,123.56,,86,6977.0
2023-04-29,山东,淄博,张店区,义乌商品城,江南豪庭,2室2厅,112.68,,117,10464.0
2023-03-09,山东,淄博,张店区,义乌商品城,江南豪庭,4室2厅,169.0,,128,7574.0
2023-03-04,山东,淄博,张店区,义乌商品城,江南豪庭,3室2厅,137.0,,118,8614.0
2023-02-04,山东,淄博,张店区,义乌商品城,江南豪庭,1室1厅,76.8,,67,8724.0
2023-02-02,山东,淄博,张店区,义乌商品城,江南豪庭,3室2厅,113.58,,126,11094.0
2023-01-12,山东,淄博,张店区,义乌商品城,江南豪庭,3室2厅,126.0,,89,7064.0
2025-08-27,山东,淄博,张店区,火炬大厦,美力城,3室2厅,124.1,,93,7494.0
2025-08-24,山东,淄博,张店区,火炬大厦,美力城,3室2厅,128.89,,93,7278.0
2025-05-22,山东,淄博,张店区,火炬大厦,美力城,4室2厅,154.0,,123,8046.0
2025-05-21,山东,淄博,张店区,火炬大厦,美力城,3室2厅,124.15,,93,7548.0
2025-05-04,山东,淄博,张店区,火炬大厦,美力城,3室2厅,131.0,,104,7939.0
2025-04-19,山东,淄博,张店区,火炬大厦,美力城,3室2厅,118.0,,93,7950.0
2025-02-28,山东,淄博,张店区,火炬大厦,美力城,3室2厅,123.65,,84,6859.0
2025-01-12,山东,淄博,张店区,火炬大厦,美力城,2室2厅,95.0,,64,6790.0
2024-12-02,山东,淄博,张店区,火炬大厦,美力城,3室2厅,128.89,,95,7410.0
2024-11-07,山东,淄博,张店区,火炬大厦,美力城,3室2厅,123.4,,87,7051.0
2024-09-25,山东,淄博,张店区,火炬大厦,美力城,2室1厅,94.16,,63,6723.0
2023-06-18,山东,淄博,张店区,火炬大厦,美力城,2室2厅,94.36,,103,11012.0
2025-06-23,山东,淄博,张店区,义乌商品城,龙御九级村,3室2厅,100.0,,56,5650.0
2025-05-12,山东,淄博,张店区,义乌商品城,龙御九级村,3室2厅,100.4,,48,4781.0
2025-04-08,山东,淄博,张店区,义乌商品城,龙御九级村,3室2厅,100.0,,48,4860.0
2025-03-01,山东,淄博,张店区,义乌商品城,龙御九级村,2室2厅,80.0,,50,6313.0
2024-12-16,山东,淄博,张店区,义乌商品城,龙御九级村,2室2厅,79.5,,55,6919.0
2024-11-11,山东,淄博,张店区,义乌商品城,龙御九级村,2室2厅,79.62,,58,7285.0
2024-11-10,山东,淄博,张店区,义乌商品城,龙御九级村,2室2厅,79.5,,45,5661.0
2024-11-09,山东,淄博,张店区,义乌商品城,龙御九级村,3室2厅,100.0,,69,6900.0
2024-09-25,山东,淄博,张店区,义乌商品城,龙御九级村,2室2厅,80.03,,40,4999.0
2024-07-30,山东,淄博,张店区,义乌商品城,龙御九级村,3室2厅,100.28,,83,8327.0
2023-05-18,山东,淄博,张店区,义乌商品城,龙御九级村,3室2厅,100.28,,73,7280.0
2023-05-03,山东,淄博,张店区,义乌商品城,龙御九级村,3室2厅,100.28,,106,10571.0
2023-03-19,山东,淄博,张店区,义乌商品城,龙御九级村,2室1厅,80.0,,66,8338.0
2023-03-01,山东,淄博,张店区,义乌商品城,龙御九级村,2室1厅,79.42,,46,5855.0
2023-03-01,山东,淄博,张店区,义乌商品城,龙御九级村,3室2厅,120.24,,67,5614.0
2025-04-11,山东,淄博,张店区,步行街,银领国际,3室2厅,155.05,,72,4696.0
2025-03-15,山东,淄博,张店区,步行街,银领国际,3室2厅,156.0,,70,4488.0
2024-11-08,山东,淄博,张店区,步行街,银领国际,3室2厅,155.05,,85,5483.0
2024-10-26,山东,淄博,张店区,步行街,银领国际,4室2厅,161.84,,85,5253.0
2024-09-25,山东,淄博,张店区,步行街,银领国际,2室2厅,88.59,,54,6096.0
2023-02-07,山东,淄博,张店区,步行街,银领国际,3室2厅,142.5,,91,6386.0
2025-09-22,山东,淄博,张店区,马尚,汇美·花月苑,2室2厅,94.0,,47,5064.0
2025-09-17,山东,淄博,张店区,马尚,汇美·花月苑,3室2厅,110.0,,49,4510.0
2025-09-15,山东,淄博,张店区,马尚,汇美·花月苑,3室2厅,114.41,,65,5682.0
2025-07-21,山东,淄博,张店区,马尚,汇美·花月苑,2室2厅,87.69,,38,4334.0
2025-07-01,山东,淄博,张店区,马尚,汇美·花月苑,2室2厅,83.19,,42,5109.0
2025-06-29,山东,淄博,张店区,马尚,汇美·花月苑,2室2厅,87.78,,41,4671.0
2025-06-26,山东,淄博,张店区,马尚,汇美·花月苑,2室1厅,93.25,,42,4537.0
2025-05-13,山东,淄博,张店区,马尚,汇美·花月苑,2室2厅,94.07,,46,4954.0
2025-04-15,山东,淄博,张店区,马尚,汇美·花月苑,2室2厅,95.0,,39,4106.0
2025-03-09,山东,淄博,张店区,马尚,汇美·花月苑,2室2厅,94.69,,49,5175.0
2025-02-24,山东,淄博,张店区,马尚,汇美·花月苑,3室2厅,114.0,,68,6009.0
2025-02-20,山东,淄博,张店区,马尚,汇美·花月苑,2室2厅,83.19,,42,5073.0
2025-01-25,山东,淄博,张店区,马尚,汇美·花月苑,2室2厅,93.22,,54,5793.0
2024-11-20,山东,淄博,张店区,马尚,汇美·花月苑,2室2厅,88.0,,45,5114.0
2024-11-17,山东,淄博,张店区,马尚,汇美·花月苑,2室2厅,93.39,,55,5890.0
2024-11-14,山东,淄博,张店区,马尚,汇美·花月苑,2室2厅,94.1,,49,5293.0
2024-11-12,山东,淄博,张店区,马尚,汇美·花月苑,2室2厅,95.92,,60,6256.0
2024-10-09,山东,淄博,张店区,马尚,汇美·花月苑,3室1厅,96.17,,67,7019.0
2024-10-02,山东,淄博,张店区,马尚,汇美·花月苑,2室2厅,88.0,,50,5682.0
2024-09-24,山东,淄博,张店区,马尚,汇美·花月苑,3室2厅,114.41,,63,5507.0
2024-09-01,山东,淄博,张店区,马尚,汇美·花月苑,2室2厅,98.96,,49,4952.0
2024-08-25,山东,淄博,张店区,马尚,汇美·花月苑,2室2厅,93.88,,48,5113.0
2024-08-24,山东,淄博,张店区,马尚,汇美·花月苑,2室2厅,93.25,,49,5255.0
2024-08-19,山东,淄博,张店区,马尚,汇美·花月苑,2室2厅,93.0,,42,4570.0
2024-08-13,山东,淄博,张店区,马尚,汇美·花月苑,2室2厅,93.23,,53,5728.0
2024-08-04,山东,淄博,张店区,马尚,汇美·花月苑,2室1厅,82.51,,40,4921.0
2024-07-01,山东,淄博,张店区,马尚,汇美·花月苑,3室2厅,117.08,,72,6150.0
2024-04-21,山东,淄博,张店区,马尚,汇美·花月苑,2室1厅,82.51,,48,5903.0
2024-03-27,山东,淄博,张店区,马尚,汇美·花月苑,2室2厅,99.0,,51,5152.0
2024-03-21,山东,淄博,张店区,马尚,汇美·花月苑,2室2厅,93.58,,54,5771.0
2024-03-08,山东,淄博,张店区,马尚,汇美·花月苑,2室2厅,97.0,,58,5980.0
2023-12-13,山东,淄博,张店区,马尚,汇美·花月苑,2室2厅,83.19,,45,5470.0
2023-12-09,山东,淄博,张店区,马尚,汇美·花月苑,2室2厅,93.58,,51,5482.0
2023-12-08,山东,淄博,张店区,马尚,汇美·花月苑,2室2厅,89.7,,49,5519.0
2023-10-25,山东,淄博,张店区,马尚,汇美·花月苑,3室2厅,114.41,,67,5857.0
2023-09-06,山东,淄博,张店区,马尚,汇美·花月苑,2室2厅,93.61,,53,5662.0
2023-08-05,山东,淄博,张店区,马尚,汇美·花月苑,2室2厅,83.19,,58,6972.0
2023-07-06,山东,淄博,张店区,马尚,汇美·花月苑,2室2厅,93.25,,58,6220.0
2023-06-24,山东,淄博,张店区,马尚,汇美·花月苑,2室2厅,82.51,,57,6981.0
2023-05-22,山东,淄博,张店区,马尚,汇美·花月苑,2室2厅,87.78,,59,6813.0
2023-03-16,山东,淄博,张店区,马尚,汇美·花月苑,2室1厅,91.42,,60,6564.0
2025-08-25,山东,淄博,张店区,柳泉中学,明发世贸中心,1室1厅,43.15,,20,4635.0
2025-08-14,山东,淄博,张店区,柳泉中学,明发世贸中心,1室1厅,42.27,,20,4732.0
2025-08-14,山东,淄博,张店区,柳泉中学,明发世贸中心,1室1厅,43.17,,21,4981.0
2025-07-22,山东,淄博,张店区,柳泉中学,明发世贸中心,1室1厅,43.17,,19,4402.0
2025-07-10,山东,淄博,张店区,柳泉中学,明发世贸中心,1室1厅,41.09,,19,4624.0
2025-05-07,山东,淄博,张店区,柳泉中学,明发世贸中心,1室1厅,43.17,,19,4518.0
2025-03-14,山东,淄博,张店区,柳泉中学,明发世贸中心,1室1厅,39.76,,19,4855.0
2025-03-14,山东,淄博,张店区,柳泉中学,明发世贸中心,1室1厅,39.76,,19,4855.0
2025-02-20,山东,淄博,张店区,柳泉中学,明发世贸中心,1室1厅,41.7,,32,7674.0
2024-09-24,山东,淄博,张店区,柳泉中学,明发世贸中心,1室1厅,42.0,,21,5215.0
